Sat.UTCGregorian           Sat.X                      Sat.Y                      Sat.Z                      Sat.VX                     Sat.VY                     Sat.VZ                     
26 Jun 2026 00:00:00.000   6993                       0                          0                          0                          -1.025141571013733         7.483715976300414          
26 Jun 2026 00:01:00.000   6978.313941328342          -61.46526464771124         448.7075746566678          -0.4893614794711369        -1.022983150585055         7.467951808120109          
26 Jun 2026 00:02:57.015   6865.521767797221          -180.3600622579744         1316.648033885217          -1.435862205664015         -1.006439142825409         7.346921307900498          
26 Jun 2026 00:05:03.084   6621.506964395545          -305.1786550140651         2227.77680893261           -2.429219711405192         -0.9706681654001004        7.085156309097026          
26 Jun 2026 00:07:10.255   6251.208016314697          -425.3583148950212         3104.936623440516          -3.385155523623235         -0.916411144795985         6.688079101083538          
26 Jun 2026 00:09:17.597   5762.515682784174          -537.6758287233715         3924.553719626405          -4.277897754330724         -0.8448449298418351        6.164315569571192          
26 Jun 2026 00:11:25.017   5164.756213523661          -639.9119246782424         4670.388315887163          -5.089749517370329         -0.7573566354853671        5.524040052974499          
26 Jun 2026 00:13:32.511   4469.124181690195          -730.1252582102479         5328.236405311312          -5.805310094657695         -0.6556030774397636        4.779409581386704          
26 Jun 2026 00:15:40.084   3688.650063975873          -806.6036748736072         5885.575750960043          -6.411076434935031         -0.5415024134801917        3.944501555385522          
26 Jun 2026 00:17:47.734   2838.002059196949          -867.8887870124416         6331.746821770045          -6.895618072807736         -0.4172025720058308        3.035080842996957          
26 Jun 2026 00:19:55.457   1933.22679287015           -912.8050438826858         6658.166168003193          -7.249781215200443         -0.2850422345935996        2.068311768184001          
26 Jun 2026 00:22:03.242   991.4540749802848          -940.4847759936843         6858.509965203133          -7.46685872621287          -0.1475082323988843        1.06244342226304           
26 Jun 2026 00:24:11.076   30.57102614090294          -950.3877671435451         6928.857105080521          -7.542719180286448         -0.007190040788526715      0.03647355084351522        
26 Jun 2026 00:26:18.941   -931.1281796448376         -942.3143319077304         6867.784345229278          -7.475890977126013         0.1332680535796798         -0.9902045097016557        
26 Jun 2026 00:28:26.820   -1875.310102300104         -916.4110098951808         6676.407042106339          -7.267597392809567         0.2712166401513137         -1.998168121414756         
26 Jun 2026 00:30:34.694   -2783.971268083973         -873.1684230751249         6358.36222467218           -6.921740300244201         0.4040510101889399         -2.968332099158745         
26 Jun 2026 00:32:42.546   -3639.797797048314         -813.4116551387474         5919.736721851194          -6.444834911029706         0.5292601431859892         -3.88230865986285          
26 Jun 2026 00:34:50.362   -4426.514294791874         -738.2830227850177         5368.939474340656          -5.845892254141838         0.6444752315030733         -4.722763280959173         
26 Jun 2026 00:36:58.128   -5129.20290697161          -649.218169662204          4716.524955830577          -5.136253205757619         0.7475153133598925         -5.473748763058785         
26 Jun 2026 00:39:05.839   -5734.593954465277         -547.915410441222          3974.967242811563          -4.329369064904911         0.8364303456575418         -6.121020016984536         
26 Jun 2026 00:41:13.491   -6231.307307103834         -436.3010401501905         3158.404675637944          -3.440545825111833         0.9095385229436731         -6.652306428903472         
26 Jun 2026 00:43:21.088   -6610.054359828574         -316.4905784450179         2282.354898404067          -2.486648118584046         0.965458905644222          -7.057549712586887         
26 Jun 2026 00:45:28.636   -6863.795057771002         -190.7469505223262         1363.407623578645          -1.485768422220851         1.003137989828193          -7.329097379552628         
26 Jun 2026 00:47:36.147   -6987.846765225283         -61.43788647237375         418.9117954741672          -0.4568791118381068        1.021869106326628          -7.461843819185809         
26 Jun 2026 00:49:43.635   -6979.951988814055         69.00785075750289          -533.3457224386427         0.5805343910405851         1.021305073095174          -7.4533220743977           
26 Jun 2026 00:51:51.116   -6840.304547007552         198.1442608265918          -1475.461557862973         1.606847180751369          1.001463569261944          -7.303742399652469         
26 Jun 2026 00:53:58.609   -6571.537564447983         323.5511603325062          -2389.731763096144         2.602664815746466          0.9627254723293701         -7.015979286414862         
26 Jun 2026 00:56:06.128   -6178.675166866635         442.8767921005627          -3258.964419576583         3.549187312358426          0.905826446895277          -6.595508921108618         
26 Jun 2026 00:58:13.688   -5669.04545132694          553.8799289189598          -4066.788418554162         4.428562335387241          0.831841703855051          -6.050296345188343         
26 Jun 2026 01:00:21.299   -5052.167385443041         654.4685372405412          -4797.936997507952         5.224201088713156          0.7421662556202134         -5.390649317904868         
26 Jun 2026 01:02:28.968   -4339.585055324756         742.740441906489           -5438.545545620347         5.921098433721067          0.6384874291681494         -4.629014924092869         
26 Jun 2026 01:04:36.696   -3544.676049604364         817.0186782318887          -5976.410329312536         6.506099649357372          0.5227541687438976         -3.779752328243638         
26 Jun 2026 01:06:44.480   -2682.419382430646         875.8849078782188          -6401.232628608578         6.968142931323078          0.3971415707026428         -2.858870216541696         
26 Jun 2026 01:08:52.310   -1769.123082580062         918.2091477139675          -6704.835419478773         7.298467603230093          0.2640110346593598         -1.883731922220569         
26 Jun 2026 01:11:00.174   -822.1202869825188         943.1742740234163          -6881.341363184304         7.490780681129061          0.1258674261639361         -0.8727386703018403        
26 Jun 2026 01:13:08.056   140.5667932053153          950.2947367946826          -6927.307935864215         7.541382162990572          -0.0146870210378809        0.1550108247195268         
26 Jun 2026 01:15:15.935   1100.580472059314          939.4283666167696          -6841.811620055998         7.449244309216792          -0.1550003836562566        1.18007188846996           
26 Jun 2026 01:17:23.794   2039.607034257883          910.7805106901743          -6626.475549797394         7.216041280748993          -0.2924221555230568        2.183029848940052          
26 Jun 2026 01:19:31.613   2939.74003359371           864.9002258860718          -6285.438932230342         6.846127659030904          -0.4243523639857048        3.144860709220761          
26 Jun 2026 01:21:39.376   3783.845507816725          802.6686452455724          -5825.269040497831         6.346464930772085          -0.5482919992602997        4.047300645870929          
26 Jun 2026 01:23:47.072   4555.901671438776          725.280047156738           -5254.819878611102         5.726496728462266          -0.6618912440557297        4.873198712759372          
26 Jun 2026 01:25:54.691   5241.313277791758          634.2159250970337          -4585.039744990332         4.997970403707448          -0.762995775869417         5.606854830041284          
26 Jun 2026 01:28:02.230   5827.18480076971           531.2136472280677          -3828.739445833283         4.174712528461041          -0.8496887648961552        6.234325866109637          
26 Jun 2026 01:30:09.692   6302.552846060199          418.2305691996867          -3000.327482395642         3.272360618492586          -0.9203282944332216        6.743697953886386          
26 Jun 2026 01:32:17.085   6658.573381686121          297.4050693543523          -2115.522977232179         2.308059555209379          -0.9735790059555286        7.12531642907373           
26 Jun 2026 01:34:24.420   6888.664995099336          171.0157201938743          -1191.055189926853         1.30013095852063           -1.008437477825633         7.371969885402112          
26 Jun 2026 01:36:31.715   6988.612392040612          41.43633770311794          -244.3330977049274         0.2676981023532417         -1.024251313105604         7.47902797156046           
26 Jun 2026 01:38:38.987   6956.618446827892          -88.90385775394256         706.8474564554751          -0.7696575571334611        -1.020729576426467         7.444516182769527          
26 Jun 2026 01:40:46.258   6793.3284804932            -217.5652238075495         1644.634082799152          -1.792286180893878         -0.9979477629145533        7.269150129959494          
26 Jun 2026 01:42:53.546   6501.810624915988          -342.1407100635038         2551.433554003342          -2.780844258375483         -0.956344725243657         6.956310785632336          
26 Jun 2026 01:45:00.872   6087.502085154532          -460.2973681576024         3410.216321734022          -3.716653239554009         -0.8967131077783758        6.511971882676849          
26 Jun 2026 01:47:08.251   5558.118247089117          -569.8179843520735         4204.821615283714          -4.58205084943116          -0.8201831918632995        5.944578558202112          
26 Jun 2026 01:49:15.698   4923.527157184295          -668.6407051259            4920.247512579965          -5.36071520805931          -0.728201018581218         5.264883679908894          
26 Jun 2026 01:51:23.219   4195.585849621313          -754.8973291141385         5542.930772681875          -6.037965763450376         -0.6225008957447873        4.485742608327598          
26 Jun 2026 01:53:30.819   3387.94083060259           -826.9489811010509         6061.006982671248          -6.601031375791418         -0.505073242907652         3.621873543136406          
26 Jun 2026 01:55:38.495   2515.785936551491          -883.4191318104245         6464.550605401671          -7.039287508214187         -0.3781273234613588        2.689580298427911          
26 Jun 2026 01:57:46.242   1595.594736640711          -923.2217282774196         6745.778715972778          -7.344448755484071         -0.2440517215988181        1.70645874315054           
26 Jun 2026 01:59:54.047   644.8082920061554          -945.5853565892249         6899.224930065509          -7.510728494352693         -0.1053698972169869        0.6910675308584041         
26 Jun 2026 02:02:01.895   -318.4921807908747         -950.0709131177122         6921.865385692124          -7.534950772324293         0.03530502231977775        -0.3374061133004283        
26 Jun 2026 02:04:09.769   -1275.964732066518         -936.5826697684824         6813.195574172987          -7.416617227716802         0.1753220070507789         -1.359527744257411         
26 Jun 2026 02:06:17.650   -2209.34242659242          -905.371629580777          6575.251005068139          -7.157924120757873         0.3120370456263            -2.355946084499195         
26 Jun 2026 02:08:25.519   -3100.8266574719           -857.0312841227723         6212.571507897266          -6.763729947018539         0.442866680087155          -3.307785406315699         
26 Jun 2026 02:10:33.359   -3933.438879587075         -792.4854133252562         5732.107644355987          -6.241470655962608         0.5653363166895078         -4.196998785632036         
26 Jun 2026 02:12:41.157   -4691.362031290977         -712.9683151308107         5143.071782080901          -5.60102204981106          0.6771283781592365         -5.006719349782666         
26 Jun 2026 02:14:48.903   -5360.246057577408         -619.9988080718745         4456.743950173242          -4.854515956878632         0.7761268166553578         -5.721584281672855         
26 Jun 2026 02:16:56.590   -5927.480530077555         -515.348351500374          3686.234982829172          -4.016108084231795         0.8604584253756126         -6.328034877050295         
26 Jun 2026 02:19:04.219   -6382.424045770961         -401.0046589140035         2846.217116085716          -3.10170422662195          0.928529167983794          -6.814579793784679         
26 Jun 2026 02:21:11.795   -6716.588499988806         -279.1319113067482         1952.630142193887          -2.128650458967556         0.9790547704680738         -7.172016057954546         
26 Jun 2026 02:23:19.326   -6923.776423298283         -152.0294479041986         1022.376847781793          -1.115400749534518         1.011084702888989          -7.393601567273554         
26 Jun 2026 02:25:26.825   -7000.177674911266         -22.08796721926726         73.00060752632162          -0.0811545934810211        1.024019883037715          -7.475181325343506         
26 Jun 2026 02:27:34.307   -6944.420733287479         108.2536272414722          -877.6319139627399         0.9545082228383217         1.017622840654119          -7.415258375528688         
26 Jun 2026 02:29:41.788   -6757.585860060474         236.5519669076417          -1811.651987178577         1.972002070566819          0.9920210602461338         -7.215014448853294         
26 Jun 2026 02:31:49.286   -6443.179959429736         360.4023142030049          -2711.504944652508         2.952105006460529          0.9477033121820724         -6.878278962265364         
26 Jun 2026 02:33:56.816   -6007.074429307606         477.4810398442289          -3560.261344398128         3.876319085823533          0.8855092531081105         -6.411448363585933         
26 Jun 2026 02:36:04.390   -5457.406915946562         585.586875046053           -4341.918680074828         4.727212697275426          0.8066127404086645         -5.823359127937436         
26 Jun 2026 02:38:12.019   -4804.447142847685         682.680722656259           -5041.691982832947         5.488740461036202          0.7124993859555505         -5.125118310358721         
26 Jun 2026 02:40:19.707   -4060.428888012763         766.923363924351           -5646.288423549687         6.14653442075508           0.6049392540201718         -4.329898425803144         
26 Jun 2026 02:42:27.454   -3239.335764533329         836.7118195328464          -6144.171211662192         6.688173304740335          0.4859535293793223         -3.452688111848136         
26 Jun 2026 02:44:35.253   -2356.660963593817         890.7109970039775          -6525.788428632445         7.103406264310236          0.3577785737630357         -2.510024051493739         
26 Jun 2026 02:46:43.096   -1429.119202308881         927.8824102422913          -6783.779491527409         7.384349300362055          0.2228245304008577         -1.519683333441429         
26 Jun 2026 02:48:50.967   -474.3366359180826         947.5068880140142          -6913.137085644373         7.52563539584957           0.08363223695404143        -0.500364169660145         
26 Jun 2026 02:50:58.848   489.5033410086741          949.2016304825956          -6911.326872810363         7.52452578656759           -0.05717503197972733       0.5286704244183528         
26 Jun 2026 02:53:06.720   1444.014752872844          932.9294524499727          -6778.34984536817          7.380969619518184          -0.1969391671910703        1.547943151007424          
26 Jun 2026 02:55:14.565   2370.983993243496          899.0007396559784          -6516.750910661704         7.097617674502836          -0.3330177474198242        2.538133353382091          
26 Jun 2026 02:57:22.363   3252.743797254154          848.0670314593834          -6131.566108705017         6.679781327881321          -0.4628351138804883        3.48045094986151           
26 Jun 2026 02:59:30.100   4072.527884072948          781.1067662061562          -5630.212678564539         6.135338561358806          -0.5839319250045324        4.356998347481808          
26 Jun 2026 03:01:37.765   4814.799632781389          699.4041031629798          -5022.328765762082         5.474590008475229          -0.6940126061959595        5.151116200155062          
26 Jun 2026 03:03:45.353   5465.550493045135          604.5214422074756          -4319.567379121097         4.710064906168022          -0.7909901760076051        5.847709295611559          
26 Jun 2026 03:05:52.861   6012.561934000923          498.266213415008           -3535.348869278209         3.856276631336388          -0.8730273682985965        6.433544697924565          
26 Jun 2026 03:08:00.295   6445.61788684779           382.6545587482983          -2684.591276195271         2.929444935807118          -0.938571688465814         6.897505126933051          
26 Jun 2026 03:10:07.664   6756.679262507018          259.8710971870702          -1783.412469512278         1.94717592762108           -0.9863855512533988        7.230805730725531          
26 Jun 2026 03:12:14.982   6940.009714260037          132.2279749914279          -848.827639618071          0.9281249442212863         -1.015569233865479         7.42715795819938           
26 Jun 2026 03:14:22.264   6992.263334699388          2.121628464709344          101.569477021497           -0.1083690424050461        -1.025577650060581         7.482887534772235          
26 Jun 2026 03:16:29.531   6912.52876758284           -128.0108030682466         1049.927357283911          -1.142659107137594         -1.016229625693731         7.396997031058027          
26 Jun 2026 03:18:36.803   6702.334325603478          -255.7341479844462         1978.450204529508          -2.155162134971557         -0.9877100227880338        7.171175661622454          
26 Jun 2026 03:20:44.099   6365.616035261439          -378.6583634108211         2869.714436369047          -3.126733318522776         -0.9405649268632412        6.809757682023817          
26 Jun 2026 03:22:51.438   5908.649350698956          -494.480307731157          3706.974364441802          -4.039023896905786         -0.8756901043636189        6.319631199521682          
26 Jun 2026 03:24:58.835   5339.945208605404          -601.024584448424          4474.460351171849          -4.874821911204423         -0.7943131815113035        5.710100744944963          
26 Jun 2026 03:27:06.303   4670.109903394611          -696.2829492574873         5157.665649943052          -5.618369268065174         -0.6979699761441388        4.992706981992558          
26 Jun 2026 03:29:13.849   3911.670532179996          -778.4515625916711         5743.61665923462           -6.255648501071128         -0.5884758460640687        4.181010138242189          
26 Jun 2026 03:31:21.473   3078.859719177117          -845.9662665931912         6221.127737859039          -6.774641547547778         -0.4678917667562197        3.29033520112471           
26 Jun 2026 03:33:29.173   2187.367554000718          -897.5340343820537         6581.027179321677          -7.165548913078402         -0.3384868007969152        2.337491420903442          
26 Jun 2026 03:35:36.941   1254.054356817934          -932.1605988780777         6816.354273935434          -7.420973576030623         -0.202696361950587         1.34046183990937           
26 Jun 2026 03:37:44.761   296.6327767433859          -949.1726296582334         6922.51571198025           -7.536062020361152         -0.06307755827546514       0.3180724838734409         
26 Jun 2026 03:39:52.619   -666.6750124091769         -948.2336906158298         6897.395853123104          -7.50860140529374          0.07773777956168881        -0.710354285684811         
26 Jun 2026 03:42:00.495   -1617.510021740897         -929.3529294514708         6741.413127931201          -7.339068275849538         0.2170936132484368         -1.725371161361907         
26 Jun 2026 03:44:08.371   -2537.732857053371         -892.8861022848392         6457.520570970857          -7.030628584059528         0.3523576535795273         -2.707757498890093         
26 Jun 2026 03:46:16.228   -3409.800897179362         -839.5286987411708         6051.148083053859          -6.589086128060946         0.4809728680814888         -3.638895825164865         
26 Jun 2026 03:48:24.050   -4217.118986212699         -770.3012938628474         5530.088246654341          -6.022779039231357         0.6005062316108388         -4.501127241287637         
26 Jun 2026 03:50:31.826   -4944.369497498772         -686.5275650784906         4904.328782581499          -5.342423755994104         0.7086959791877254         -5.278094978201911         
26 Jun 2026 03:52:39.547   -5577.805017334238         -589.8063844168014         4185.842260903289          -4.56091333667264          0.8034950441151447         -5.955059328014851         
26 Jun 2026 03:54:47.209   -6105.504512890835         -481.9786235652153         3388.337701252592          -3.693070551867972         0.8831106968972519         -6.519184032257128         
26 Jun 2026 03:56:54.815   -6517.587329825767         -365.0896200795454         2526.981099827005          -2.755359626809449         0.9460392170903166         -6.959785569515686         
26 Jun 2026 03:59:02.369   -6806.379775996927         -241.3492429430688         1618.099153403639          -1.765569740445903         0.9910943074692786         -7.268536035430556         
26 Jun 2026 04:01:09.884   -6966.539935605679         -113.089221408685          678.8636506656098          -0.7424667557590787        1.017429524585762          -7.439621383873104         
26 Jun 2026 04:03:17.371   -6995.136292045716         17.27983235095802          -273.025590327844          0.294566424224145          1.024553469687111          -7.469846115303576         
26 Jun 2026 04:05:24.848   -6891.686091112647         147.3124052585464          -1219.66439016488          1.325904008701521          1.012338153703162          -7.358687248660058         
26 Jun 2026 04:07:32.330   -6658.153483665335         274.5714541678543          -2143.262616876555         2.33204938670491           0.981020189390977          -7.108295314640938         
26 Jun 2026 04:09:39.834   -6298.909891365039         396.671537196527           -3026.460020394886         3.294003681032698          0.9311950669918214         -6.723444261835958         
26 Jun 2026 04:11:47.376   -5820.659622297752         511.3204577044613          -3852.630377757528         4.193616474367671          0.8638050536614775         -6.211434576935131         
26 Jun 2026 04:13:54.966   -5232.32846484305          616.3604528319779          -4606.181364615075         5.013923090250098          0.7801207632562732         -5.581949965299167         
26 Jun 2026 04:16:02.614   -4544.916149557167         709.8075921803476          -5272.840381045742         5.739455472573673          0.6817170392858897         -4.846872703336256         
26 Jun 2026 04:18:10.323   -3771.312564919591         789.8891155935786          -5839.924313030968         6.356524075058955          0.5704437729448429         -4.020062417408802         
26 Jun 2026 04:20:18.090   -2926.078171840786         855.0781071496642          -6296.588817185463         6.853467706405844          0.4483923392804395         -3.117103492789692         
26 Jun 2026 04:22:25.907   -2025.183333804467         904.1251277599371          -6634.054243062983         7.220871887760691          0.3178573641184139         -2.155019115146444         
26 Jun 2026 04:24:33.762   -1085.712643374153         936.0851318919489          -6845.796104622106         7.451747597482715          0.181294918752571          -1.151960212478214         
26 Jun 2026 04:26:41.640   -125.5359711061851         950.338796753364           -6927.69377895567          7.541668920383984          0.04127730933970217        -0.1268705716497174        
26 Jun 2026 04:28:49.520   837.0433108605143          946.6071035143503          -6878.129201845072         7.488865302666039          -0.09955441158835317       0.9008635640909366         
26 Jun 2026 04:30:57.385   1783.661235869331          924.9584045639893          -6698.030003244447         7.294265330534158          -0.2385405917375184        1.911782187620413          
26 Jun 2026 04:33:05.215   2696.261389009968          885.8075332311693          -6390.854435239732         6.961489808408987          -0.373052730445827         2.886716227378765          
26 Jun 2026 04:35:12.993   3557.462075422277          829.9070573346987          -5962.518732616468         6.496793174081331          -0.500544073576488         3.807157346686388          
26 Jun 2026 04:37:20.706   4350.907277020683          758.3305667464849          -5421.266440950123         5.908949157611693          -0.6185993570905466        4.655620390922789          
26 Jun 2026 04:39:28.344   5061.581924335226          672.4495351550916          -4777.491401886581         5.209088667178777          -0.7249810952844955        5.415979621609463          
26 Jun 2026 04:41:35.905   5676.097297317167          573.9040716884633          -4043.516560499392         4.410487332532829          -0.817673269964753         6.073784853183116          
26 Jun 2026 04:43:43.387   6182.93491235462           464.5689016779178          -3233.33865517656          3.528309274242614          -0.894920448112912         6.616543108678631          
26 Jun 2026 04:45:50.799   6572.64611455447           346.5160562388695          -2362.349684667128         2.57931576885934           -0.9552614556600536        7.033959473349514          
26 Jun 2026 04:47:58.148   6838.010765503726          221.9745658003022          -1447.037269292706         1.581539442958352          -0.9975575535079153        7.318136604481815          
26 Jun 2026 04:50:05.452   6974.153374290107          93.28617352442656          -504.6568267892127         0.5539162239584892         -1.021014315515191         7.463726702365364          
26 Jun 2026 04:52:12.726   6978.606161665172          -37.1345832964769          447.0631858917811          -0.4840565917276621        -1.025194885103559         7.468020572376858          
26 Jun 2026 04:54:19.991   6851.344233201059          -166.8451914867399         1390.251134400747          -1.512707482749015         -1.010028100594046         7.330997460998002          
26 Jun 2026 04:56:27.267   6594.775150096608          -293.4189299766181         2307.213241845387          -2.512571138859771         -0.975808438423042         7.055314674963791          
26 Jun 2026 04:58:34.573   6213.693205481792          -414.4865354013473         3180.73830749906           -3.464749391101083         -0.9231891790018397        6.646247655575206          
26 Jun 2026 05:00:41.928   5715.196042769651          -527.778519901872          3994.406091102995          -4.351269889324306         -0.8531686852673294        6.111579378024228          
26 Jun 2026 05:02:49.347   5108.569364925394          -631.1648959653667         4732.875790798528          -5.155413085172666         -0.7670709467534775        5.461448387223382          
26 Jun 2026 05:04:56.839   4405.134429915447          -722.6942209678683         5382.168406658703          -5.862020305378942         -0.6665202474556406        4.708154238791591          
26 Jun 2026 05:07:04.411   3618.060672755342          -800.6303246632136         5929.931091506493          -6.457769682358101         -0.553410939859822         3.865927973381142          
26 Jun 2026 05:09:12.061   2762.138916498546          -863.4866890177177         6365.683136550307          -6.931421458820866         -0.4298723229282828        2.950667638405078          
26 Jun 2026 05:11:19.785   1853.517164749583          -910.0571492632164         6681.033921468079          -7.274025957644961         -0.298229397357133         1.979644706339925          
26 Jun 2026 05:13:27.571   909.4038097374247          -939.441862549147          6869.865258430917          -7.479091056538421         -0.1609604422178541        0.9711883505061053         
26 Jun 2026 05:15:35.405   -52.26305755551269         -951.0678317503803         6928.472876574162          -7.542708813911593         -0.0206511597890378        -0.05565431801003365       
26 Jun 2026 05:17:43.269   -1013.165341705555         -944.702682216394          6855.657919310507          -7.463635938025074         0.1200528089167016         -1.081468809606788         
26 Jun 2026 05:19:51.144   -1954.980348588181         -920.4610051966206         6652.763227470749          -7.24332542285973          0.2584965663682709         -2.086846055397061         
26 Jun 2026 05:21:59.011   -2859.746389112717         -878.8026732073801         6323.651003013845          -6.885906549469225         0.3920653438615255         -3.052744554401034         
26 Jun 2026 05:24:06.854   -3710.22522023793          -820.5235513547065         5874.624740062894          -6.398115138565307         0.518234214269911          -3.960853760131064         
26 Jun 2026 05:26:14.657   -4490.248917001837         -746.7385069488352         5314.295030509718          -5.789170615480768         0.6346168572621492         -4.793949211566631         
26 Jun 2026 05:28:22.411   -5185.036652461845         -658.8575575032828         4653.395777494984          -5.070602845119025         0.7390115589329269         -5.536226070741384         
26 Jun 2026 05:30:30.108   -5781.473858032386         -558.5564762365269         3904.560677658875          -4.256034934783173         0.8294433941612849         -6.173603389816656         
26 Jun 2026 05:32:37.746   -6268.355501043752         -447.7420355736719         3082.061284424006          -3.360919229024623         0.9042026948680437         -6.693999605488539         
26 Jun 2026 05:34:45.329   -6636.582095538749         -328.5139093105111         2201.521783624788          -2.402239643006864         0.9618777277458316         -7.087564306976387         
26 Jun 2026 05:36:52.865   -6879.31239688204          -203.1236833182592         1279.613732756543          -1.398181896770188         1.001381648882929          -7.346866703827376         
26 Jun 2026 05:39:00.364   -6992.071112557141         -73.93190913014213         333.7377149938133          -0.3677788315938882        1.021972887124255          -7.467034749868119         
26 Jun 2026 05:41:07.842   -6972.812033532802         56.63511228298678          -618.295707176302          0.669454390128842          1.023268389791205          -7.445841231222466         
26 Jun 2026 05:43:15.314   -6821.940586269015         186.1295769249359          -1558.591327431184         1.693898402278232          1.005249859080607          -7.283737736380693         
26 Jun 2026 05:45:22.799   -6542.298530441538         312.1245072355242          -2469.479440050608         2.686193575656969          0.9682629790105869         -6.983837438711305         
26 Jun 2026 05:47:30.313   -6139.110227597915         432.2575311471985          -3333.83529783409          3.627611786837362          0.9130095891531576         -6.551845861106073         
26 Jun 2026 05:49:37.870   -5619.894154081963         544.2720551789088          -4135.378381637667         4.500399376356814          0.8405334212256279         -5.995945350503335         
26 Jun 2026 05:51:45.481   -4994.345247677079         646.0568407128764          -4858.959008962092         5.288096062552904          0.7522007070891398         -5.326642802057431         
26 Jun 2026 05:53:53.151   -4274.168817721854         735.6865503157268          -5490.850427921715         5.975847911385267          0.6496735590796497         -4.556564809645512         
26 Jun 2026 05:56:00.883   -3472.886668479228         811.4578065847572          -6019.007204504856         6.550672268207489          0.5348796804723385         -3.700227518478729         
26 Jun 2026 05:58:08.670   -2605.602574416826         871.9233097812908          -6433.308089134724         7.001697274586106          0.4099772344705048         -2.773771892511591         
26 Jun 2026 06:00:16.505   -1688.729007930498         915.9222477492259          -6725.770512394785         7.32036653337189           0.277315518587768          -1.794669315318583         
26 Jun 2026 06:02:24.371   -739.6756341692463         942.605826389945           -6890.728139634359         7.500604998031375          0.1393916069906175         -0.7813987181747949        
26 Jun 2026 06:04:32.253   223.4896379168921          951.4564462598183          -6924.961009776404         7.538939831531672          -0.001195712225648691      0.2468949829838843         
26 Jun 2026 06:06:40.131   1182.395882531993          942.2999478099451          -6827.774335773195         7.434575806160583          -0.1417935764991504        1.270752954770319          
26 Jun 2026 06:08:47.986   2118.754305035324          915.3100253559983          -6601.01890118506          7.189419433289523          -0.279746955617465         2.270784500338991          
26 Jun 2026 06:10:55.801   3014.71234797906           871.004859393509           -6249.055287526641         6.808053782788204          -0.4124466160864867        3.228019116005387          
26 Jun 2026 06:13:03.559   3853.222590657439          810.2358496365285          -5778.659588415762         6.297659100190693          -0.5373804789335441        4.124281847186277          
26 Jun 2026 06:15:11.249   4618.376570716932          734.1692470992946          -5198.87800664648          5.667883355834034          -0.6521814936016169        4.942541631640968          
26 Jun 2026 06:17:18.863   5295.715538556877          644.26084127281            -4520.83111382161          4.930659033750698          -0.7546739934109127        5.667246640726117          
26 Jun 2026 06:19:26.399   5872.498900456661          542.225456702779           -3757.481244122006         4.099976237889609          -0.8429156208859611        6.284625449151526          
26 Jun 2026 06:21:33.859   6337.933246090779          430.0020174286879          -2923.368543000112         3.191614206888211          -0.9152349618986934        6.78295493790394           
26 Jun 2026 06:23:41.250   6683.360659455333          309.7144666628959          -2034.317902035255         2.22283082294024           -0.970264248629912         7.152790125268745          
26 Jun 2026 06:25:48.584   6902.397703567112          183.6313803971261          -1107.137874721717         1.212031692857415          -1.006965199768284         7.387142496223157          
26 Jun 2026 06:27:55.877   6991.035372684549          54.12206440241044          -159.2952005448102         0.1784012236402837         -1.024648966223865         7.481613372714527          
26 Jun 2026 06:30:03.147   6947.690913833742          -76.3851561258294          791.3930280536144          -0.8584565365886904        -1.022988048926141         7.434468453562681          
26 Jun 2026 06:32:10.415   6773.223659073395          -205.4477889995246         1727.088824655726          -1.878906628765352         -1.002021689895149         7.246663343250833          
26 Jun 2026 06:34:17.701   6470.912085254731          -330.6507912633822         2630.237736958964          -2.863646056298145         -0.9621538274473804        6.921815467699771          
26 Jun 2026 06:36:25.025   6046.394414860762          -449.6497105082029         3483.883050796303          -3.794073788422499         -0.9041441181168227        6.466125097030005          
26 Jun 2026 06:38:32.403   5507.575136048713          -560.2115504444923         4271.962130649621          -4.652633190317056         -0.8290925100552871        5.888250300549175          
26 Jun 2026 06:40:39.849   4864.495311819881          -660.2549859183488         4979.59669878655           -5.42313643282615          -0.738417635244032         5.199137506784435          
26 Jun 2026 06:42:47.372   4129.170278167881          -747.8884063614199         5593.366096196684          -6.091057524560076         -0.6338301798352909        4.411816562230119          
26 Jun 2026 06:44:54.974   3315.38542062291           -821.4466394173503         6101.569420452082          -6.643801188031023         -0.5173006279179293        3.541155517995592          
26 Jun 2026 06:47:02.653   2438.457052132802          -879.5241536438688         6494.460704948227          -7.07093324511331          -0.3910229678232448        2.603587096916561          
26 Jun 2026 06:49:10.401   1514.955641502985          -921.0045244324515         6764.455426249653          -7.364375132631904         -0.257374376829895         1.616806698601959          
26 Jun 2026 06:51:18.206   562.3937681643854          -945.0849480393778         6906.299487852658          -7.518558110944015         -0.1188713286265223        0.5994451949775184         
26 Jun 2026 06:53:26.051   -401.1056660470974         -951.2945987271868         6917.19235394025           -7.530533051573606         0.02187581268175581        -0.4292683502593329        
26 Jun 2026 06:55:33.921   -1357.199360868712         -939.5060474983892         6796.857163901273          -7.400031838540471         0.1622157873310892         -1.449898284244484         
26 Jun 2026 06:57:41.795   -2287.643832921869         -909.9388871016415         6547.556074540291          -7.1294805628104           0.2994989557408956         -2.443116195649811         
26 Jun 2026 06:59:49.655   -3174.698668842793         -863.1561046009647         6174.049262212218          -6.723962986393984         0.4311323377592199         -3.390104781344126         
26 Jun 2026 07:01:57.485   -4001.475921830986         -800.0521314161333         5683.494640836903          -6.191129370151987         0.5546278185500726         -4.272909892170747         
26 Jun 2026 07:04:05.271   -4752.271802597977         -721.8341412248287         5085.29848984305           -5.541058570290772         0.667649249445327          -5.07478260654614          
26 Jun 2026 07:06:13.004   -5412.877368031968         -629.9960690588842         4390.91331643727           -4.786065278419662         0.7680582812967053         -5.780509579471373         
26 Jun 2026 07:08:20.679   -5970.842076375105         -526.2878441395299         3613.602180083003          -3.940468817494394         0.8539550666520707         -6.376703831007236         
26 Jun 2026 07:10:28.295   -6415.702306183909         -412.6794464329804         2768.166301955754          -3.02031587302551          0.9237154274624684         -6.852067245956715         
26 Jun 2026 07:12:35.857   -6739.163962412651         -291.3210897152158         1870.645977251672          -2.043064805009775         0.9760224303161172         -7.197610015914973         
26 Jun 2026 07:14:43.374   -6935.23508987895          -164.5018643477958         938.0120750200687          -1.027248610790638         1.009891094167566          -7.406818434854046         
26 Jun 2026 07:16:50.860   -7000.316046078956         -34.60717547019961         -12.14961899060086         0.007880874991009014       1.024686662937285          -7.47577447751963          
26 Jun 2026 07:18:58.331   -6933.248374777482         95.9257296935243           -961.9663577707499         1.042731090937434          1.020136014008884          -7.403224099887942         
26 Jun 2026 07:21:05.803   -6735.321654500423         224.6505152216329          -1893.592147943321         2.057736522409985          0.9963314743034075         -7.190590386586142         
26 Jun 2026 07:23:13.295   -6410.245311466033         349.154813140695           -2789.52224778725          3.033727701982729          0.9537279221534677         -6.841937708745026         
26 Jun 2026 07:25:20.822   -5964.083296886316         467.1029165300355          -3632.903527727356         3.952291087546042          0.8931329127291805         -6.363885477281447         
26 Jun 2026 07:27:28.398   -5405.157023405765         576.2764992773465          -4407.829187186368         4.796103062749345          0.8156909219067255         -5.7654801593958           
26 Jun 2026 07:29:36.030   -4743.907938291984         674.6155756341456          -5099.633671753847         5.549252714651533          0.7228611368055846         -5.058020751364566         
26 Jun 2026 07:31:43.723   -3992.726842986738         760.256716725881           -5695.166311604396         6.197529549978916          0.6163904345914784         -4.254850468537381         
26 Jun 2026 07:33:51.476   -3165.740281363683         831.5697349281221          -6183.052124905007         6.728687166946253          0.498280879597523          -3.371109128885866         
26 Jun 2026 07:35:59.281   -2278.561329972291         887.1906363274477          -6553.923971276178         7.132669380966842          0.3707532633635264         -2.423457669210359         
26 Jun 2026 07:38:07.128   -1348.000665195471         926.0505969665445          -6800.624031358825         7.40180146517128           0.236206353400779          -1.429772054291755         
26 Jun 2026 07:40:15.001   -391.744911561107          947.3994167406008          -6918.363500011658         7.530939465410348          0.09717278663862614        -0.4088135686821527        
26 Jun 2026 07:42:22.882   571.990849561195           950.8224969587239          -6904.833689033743         7.517574496277031          -0.04372774127649697       0.620119645827143          
26 Jun 2026 07:44:30.754   1524.827849123434          936.250569619328           -6760.263138305148         7.36188899055221           -0.1838373071600326        1.637554586597955          
26 Jun 2026 07:46:38.596   2448.58880691078           903.9619551074703          -6487.419698281431         7.066764763963805          -0.3205088089026323        2.624205521961276          
26 Jun 2026 07:48:46.393   3325.674047016309          854.5767335071431          -6091.552628003117         6.6377366567425            -0.4511574691687014        3.561352050986751          
26 Jun 2026 07:50:54.129   4139.40926567378           789.0433927600105          -5580.280398594559         6.082895347184623          -0.5733096017410988        4.431194950734485          
26 Jun 2026 07:53:01.795   4874.374202383694          708.618411452716           -4963.427227682769         5.412738873936814          -0.6846503896165838        5.217202242458761          
26 Jun 2026 07:55:09.383   5516.699311624691          614.8394384797725          -4252.813790052923         4.639974299120105          -0.783068950814533         5.904432674906413          
26 Jun 2026 07:57:16.893   6054.322521324062          509.4932683185386          -3462.011295734937         3.779274936356824          -0.8666994213621363        6.479827406385102          
26 Jun 2026 07:59:24.327   6477.205555337443          394.579085479474           -2606.062544417802         2.846993061320599          -0.9339576491925293        6.932466879654294          
26 Jun 2026 08:01:31.697   6777.501734609956          272.2690469989809          -1701.18551002733          1.860842217724249          -0.9835716947449265        7.253780377236756          
26 Jun 2026 08:03:39.014   6949.680000822374          144.8668979256279          -764.4644356421522         0.8395534612594741         -1.014606133850543         7.437708591592755          
26 Jun 2026 08:05:46.297   6990.606670169218          14.76422497047515          186.4744340062232          -0.1974966947707964        -1.026479695085588         7.480815934255696          
26 Jun 2026 08:07:53.565   6899.58263431993           -115.6017144466318         1133.773624250706          -1.230652306926684         -1.018975092758205         7.382345952065065          
26 Jun 2026 08:10:00.839   6678.345106399761          -243.7915765624719         2059.663890800781          -2.240357787129633         -0.9922420969327603        7.144226850620305          
26 Jun 2026 08:12:08.140   6331.031930821482          -367.4064985654384         2946.774577472192          -3.207526856101738         -0.9467932887524766        6.771024274611894          
26 Jun 2026 08:14:15.486   5864.111595989803          -484.1299244514577         3778.437052179333          -4.113897968553806         -0.8834931335583723        6.269846142473723          
26 Jun 2026 08:16:22.893   5286.278279562275          -591.7686947651075         4538.981270300178          -4.942372228747878         -0.803540715110283         5.650202174434079          
26 Jun 2026 08:18:30.372   4608.310926295972          -688.2929147101228         5214.021906047374          -5.677327629317054         -0.7084466050503841        4.92382171507948           
26 Jun 2026 08:20:37.928   3842.893915693595          -771.8742211521926         5790.731180060442          -6.304906315650602         -0.6000042183707984        4.104432366230243          
26 Jun 2026 08:22:45.563   3004.400740198691          -840.9213871813595         6258.090672566097          -6.813268391515588         -0.4802564956955175        3.20750563807287           
26 Jun 2026 08:24:53.271   2108.637566492363          -894.1127985037813         6607.118529635704          -7.192811932123361         -0.3514579525681023        2.249969729381406          
26 Jun 2026 08:27:01.044   1172.554839884336          -930.4242641137672         6831.061113408059          -7.436351853396806         -0.2160335029269199        1.249899896099371          
26 Jun 2026 08:29:08.868   213.9195669500875          -949.1517872694387         6925.545945157037          -7.539258978017384         -0.0765329703967193        0.2261783635013186         
26 Jun 2026 08:31:16.726   -749.0215529344478         -949.927468672076          6888.68382311767           -7.499550352965957         0.06441462729925634        -0.8018459226820265        
26 Jun 2026 08:33:24.602   -1697.916507668768         -932.7288327922713         6721.120906902382          -7.317934795403898         0.2041516213810391         -1.814731330881805         
26 Jun 2026 08:35:32.475   -2614.668837420875         -897.8801794189468         6426.032755625613          -6.99780653537922          0.3400402551727225         -2.793301075224576         
26 Jun 2026 08:37:40.329   -3481.802327773756         -846.0466194561974         6009.064351961935          -6.54519120221442          0.4695124286860567         -3.719007246931622         
26 Jun 2026 08:39:48.147   -4282.817779907037         -778.2200158225041         5478.210961749269          -5.968636696288605         0.5901195534737248         -4.574292913721015         
26 Jun 2026 08:41:55.917   -5002.516346343513         -695.6980638566592         4843.650032845691          -5.279056644160617         0.6995792034419425         -5.342928191364235         
26 Jun 2026 08:44:03.630   -5627.29586635408          -600.0565660723166         4117.524333905784          -4.489522223873827         0.7958197647665483         -6.010328752301162         
26 Jun 2026 08:46:11.283   -6145.402359271951         -493.1168238211648         3313.691260333693          -3.615013769418924         0.8770203699213508         -6.563837413667587         
26 Jun 2026 08:48:18.877   -6547.142979767224         -376.9078457237996         2447.435929612717          -2.672125220264071         0.9416467601540073         -6.99297326130015          
26 Jun 2026 08:50:26.420   -6825.046025683125         -253.6266494907821         1535.172708219824          -1.678745169494989         0.9884802649580321         -7.28962898466208          
26 Jun 2026 08:52:33.923   -6973.979690853022         -125.595710065978          594.1277869273637          -0.6537053850432587        1.01664096853579           -7.448224006278888         
26 Jun 2026 08:54:41.400   -6991.224556843811         4.779534803735142          -357.9756980874642         0.3835786679004536         1.025603476390455          -7.465803111771918         
26 Jun 2026 08:56:48.869   -6876.507469688112         135.0545068694302          -1303.240452658841         1.413483508103819          1.015205881643055          -7.342084728193503         
26 Jun 2026 08:58:56.347   -6631.996710320618         262.7882627236965          -2223.908403585619         2.416546047551552          0.985651448055511          -7.07945647788765          
26 Jun 2026 09:01:03.851   -6262.261490978991         385.5865041086386          -3102.674184699817         3.373829953886189          0.9375034707651458         -6.682921131624737         
26 Jun 2026 09:03:11.395   -5774.197656152288         501.1433312340801          -3922.987949199818         4.267273564578947          0.8716737799651512         -6.159997033828317         
26 Jun 2026 09:05:18.991   -5176.911649042634         607.2835897466899          -4669.360640759623         5.080030361693293          0.7894043315068061         -5.520568264851496         
26 Jun 2026 09:07:26.645   -4481.576861163853         702.0015822250581          -5327.641501165162         5.796767730575504          0.6922444087644238         -4.776704393525318         
26 Jun 2026 09:09:34.359   -3701.242362428261         783.5001420054291          -5885.295993163603         6.403955436168641          0.5820213846712433         -3.942433154241796         
26 Jun 2026 09:11:42.129   -2850.606095276752         850.2259845013084          -6331.654812672058         6.89011448114435           0.4608071937502518         -3.033482960831619         
26 Jun 2026 09:13:49.947   -1945.747521689171         900.9016546194557          -6658.135971328808         7.246032423628189          0.3308801775314342         -2.0669924122457           
26 Jun 2026 09:15:57.801   -1003.830039087137         934.5524442604163          -6858.428457077471         7.464937149655407          0.1946838645726576         -1.061198574031837         
26 Jun 2026 09:18:05.676   -42.76767605564699         950.5280114761665          -6928.635137327718         7.542630934046536          0.05478174128113054        -0.03509715440179889       
26 Jun 2026 09:20:13.554   919.1259154114424          948.5171160524245          -6867.36410431697          7.477576628748051          -0.08618978454108861       0.9919087399216392         
26 Jun 2026 09:22:21.415   1863.505125887523          928.555207108585           -6675.766524198684         7.270936221231242          -0.2255706183234936        2.000373856400318          
26 Jun 2026 09:24:29.243   2772.362078174599          891.0242746529967          -6357.517385873249         6.926558610867891          -0.3607269300033074        2.971178766719176          
26 Jun 2026 09:26:37.020   3628.386917995579          836.6451557339906          -5918.74112378851          6.450917794407539          -0.4891007856598675        3.88589274034814           
26 Jun 2026 09:28:44.733   4415.319188476854          766.4618958794134          -5367.87924067536          5.852995718637887          -0.6082601227342906        4.727135844419366          
26 Jun 2026 09:30:52.371   5118.262909336742          681.8195419126948          -4715.511406388116         5.14411820134435           -0.715945384741722         5.478913606649327          
26 Jun 2026 09:32:59.931   5723.975385592431          584.3350086586003          -3974.127045698056         4.337735794154343          -0.8101144559034515        6.126935779320448          
26 Jun 2026 09:35:07.411   6221.106097902974          475.8636400869864          -3157.86781376788          3.449166772837678          -0.8889821446460378        6.658892693653032          
26 Jun 2026 09:37:14.819   6600.396294196093          358.4611895707662          -2282.238526725878         2.495295492900912          -0.9510553570366727        7.064697338069535          
26 Jun 2026 09:39:22.166   6854.829180775725          234.3435254819874          -1363.803951429085         1.49424257068477           -0.9951616999440536        7.336677634371875          
26 Jun 2026 09:41:29.467   6979.735960385825          105.8449172347296          -419.8774831188205         0.4650132075539338         -1.020471477089915         7.469719139794854          
26 Jun 2026 09:43:36.741   6972.860899562249          -24.62505394076798         531.7981038503929          -0.5728741000969747        -1.026512818816704         7.461356540717093          
26 Jun 2026 09:45:44.009   6834.386203413428          -154.6240462265247         1473.363908493708          -1.599759305327439         -1.013179404109236         7.311811040227345          
26 Jun 2026 09:47:51.293   6566.920486266738          -281.7201746779967         2387.161145570604          -2.596217653713463         -0.9807311172669816        7.023975935797151          
26 Jun 2026 09:49:58.612   6175.452496389782          -403.5339782583911         3256.036486854558          -3.543421125841476         -0.9297878158820007        6.603352679120839          
26 Jun 2026 09:52:05.982   5667.268857526054          -517.7805719509988         4063.646915234561          -4.423491249208682         -0.8613164383412567        6.057938655428925          
26 Jun 2026 09:54:13.418   5051.838041876929          -622.3102226745121         4794.751340355205          -5.219826308651709         -0.7766122356997011        5.398073165113113          
26 Jun 2026 09:56:20.929   4340.652955635216          -715.1485280437605         5435.497157598964          -5.917410740639445         -0.6772737419209087        4.636238271477898          
26 Jun 2026 09:58:28.518   3547.037649942101          -794.5338530863744         5973.684872220565          -6.503089170808872         -0.5651728333423667        3.786825192406932          
26 Jun 2026 10:00:36.183   2685.919233051493          -858.9518928376808         6399.009821586363          -6.965806612607325         -0.4424205882643764        2.865871313251711          
26 Jun 2026 10:02:43.919   1773.552096470321          -907.1674485964313         6703.280898895076          -7.296818485091365         -0.3113274428469464        1.89075665845714           
26 Jun 2026 10:04:51.715   827.221317249601           -938.2502820170248         6880.594723751099          -7.489851385401535         -0.174361570205095         0.8798895826180161         
26 Jun 2026 10:06:59.556   -135.0953177136035         -951.5960811217957         6927.471685145591          -7.541226010075697         -0.03410244770095607       -0.1476409555152531        
26 Jun 2026 10:09:07.426   -1095.06843694103          -946.9403428119816         6842.939799427392          -7.449930758998374         0.1068052011348523         -1.172407887052777         
26 Jun 2026 10:11:15.305   -2034.394457544918         -924.3655608438721         6628.567475773752          -7.217649977003329         0.2457023976735517         -2.175022126657627         
26 Jun 2026 10:13:23.176   -2935.160258367262         -884.3002639194136         6288.437143857369          -6.848739312538881         0.3799653427393896         -3.136494325287337         
26 Jun 2026 10:15:31.021   -3780.201982355763         -827.5106618534602         5829.064951618839          -6.350153286617838         0.5070548952324084         -4.038594165081361         
26 Jun 2026 10:17:38.825   -4553.456103576416         -755.084098417054          5259.260814631532          -5.731316443644133         0.6245664476015347         -4.864209294954126         
26 Jun 2026 10:19:46.576   -5240.268839113875         -668.4062422479531         4589.944753334925          -5.003951386380541         0.7302755305467239         -5.597670540217734         
26 Jun 2026 10:21:54.269   -5827.68187905835          -569.1311899417846         3833.912573525695          -4.181851232512349         0.8221819856489883         -6.225063536036998         
26 Jun 2026 10:24:01.902   -6304.667659569903         -459.1471155617926         3005.571568650399          -3.280613992405137         0.8985484886770126         -6.734496988710236         
26 Jun 2026 10:26:09.479   -6662.320783443411         -340.5382092792328         2120.651332350869          -2.317340419141137         0.9579339244280431         -7.116331386574205         
26 Jun 2026 10:28:17.008   -6894.004775247272         -215.5437479529259         1195.895881539465          -1.310299864105849         0.9992208216960032         -7.36336266147262          
26 Jun 2026 10:30:24.503   -6995.45298955336          -86.51579059779532         248.7480506739618          -0.2785760922028043        1.02163588974944           -7.47095443057119          
26 Jun 2026 10:32:31.979   -6964.827738598467         44.12356833947007          -702.9672518257457         0.7582975353686355         1.02476356664756           -7.437118608774641         
26 Jun 2026 10:34:39.454   -6802.740601226825         173.9258929496495          -1641.364763246233         1.780713768885511          1.008552601731134          -7.26254442090667          
26 Jun 2026 10:36:46.943   -6512.235882806826         300.4588561092401          -2548.809658532183         2.769355942746229          0.973315659487917          -6.950576772313092         
26 Jun 2026 10:38:54.464   -6098.737281243062         421.3495500789592          -3408.232731900383         3.705563163023847          0.9197221890079832         -6.507144937623377         
26 Jun 2026 10:41:02.028   -5569.961180383261         534.325895818639           -4203.429941317268         4.571670566154021          0.8487852634364834         -5.940647963036175         
26 Jun 2026 10:43:09.645   -4935.784454861043         637.2591524857638          -4919.367468044073         5.351345378071236          0.7618413227846864         -5.2617877183568           
26 Jun 2026 10:45:17.319   -4208.085818907556         728.2020858913306          -5542.453536700521         6.029876046206435          0.6605258986564653         -4.483374403808446         
26 Jun 2026 10:47:25.052   -3400.539113956456         805.4271807683704          -6060.807695111976         6.594449130302913          0.5467429825395272         -3.620085517422837         
26 Jun 2026 10:49:32.838   -2528.37250221301          867.4608457478568          -6464.498658498456         7.034385199533031          0.4226303068538425         -2.688196559649943         
26 Jun 2026 10:51:40.669   -1608.090547395616         913.1138472099919          -6745.752184534635         7.341339080232313          0.2905203895356854         -1.705282260723947         
26 Jun 2026 10:53:48.531   -657.1623624199311         941.5068281853671          -6899.120739768506         7.509459720252702          0.1528978084449566         -0.6898922243579907        
26 Jun 2026 10:55:56.408   306.3150047281625          952.0897993475616          -6921.607311834013         7.535505500214314          0.01235382698633057        0.3387903394121001         
26 Jun 2026 10:58:04.283   1263.973467459751          944.655035993216           -6812.739482044322         7.418914256643752          -0.1284613737582116        1.36130465763566           
26 Jun 2026 11:00:12.135   2197.545768764214          919.3425402935954          -6574.587941697128         7.161823967727553          -0.2668886689791683        2.358281433162442          
26 Jun 2026 11:02:19.949   3089.231447370198          876.637742050566           -6211.728300094217         6.769043404344256          -0.4003097763627481        3.310807228556419          
26 Jun 2026 11:04:27.705   3922.058872214498          817.3613151353492          -5731.145235553336         6.247970343343841          -0.526197805377426         4.200790967648644          
26 Jun 2026 11:06:35.393   4680.223883747303          742.6514071416747          -5142.082336900319         5.608457654176903          -0.6421662481712119        5.011315634544043          
26 Jun 2026 11:08:43.004   5349.39751976409           653.939063455901           -4455.843832407347         4.862629219147075          -0.746015593328504         5.726969377224259          
26 Jun 2026 11:10:50.534   5916.998211666714          552.9173199893438          -3685.55198393668          4.024644363334774          -0.8357768947863972        6.334151156125187          
26 Jun 2026 11:12:57.986   6372.414705433252          441.5062528904751          -2845.877683624103         3.110424815567785          -0.9097498535146128        6.821333990918224          
26 Jun 2026 11:15:05.369   6707.187331878099          321.8139947610544          -1952.743910414566         2.137340197435291          -0.9665359768882126        7.179289759524032          
26 Jun 2026 11:17:12.697   6915.139885667939          196.0964642915283          -1023.022564664777         1.12387286089451           -1.005064783798759         7.40126192368515           
26 Jun 2026 11:19:19.986   6992.471900427233          66.71482972723992          -74.21697803692351         0.08925458629292435        -1.024613806552266         7.483091190854817          
26 Jun 2026 11:21:27.256   6937.808251460774          -63.90671909632998         875.850911578527           -0.9469010937486567        -1.02482114055954          7.423286292752415          
26 Jun 2026 11:23:34.528   6752.211643748385          -193.3243915289244         1809.359974851019          -1.964978594587431         -1.005691043730661         7.223042987447762          
26 Jun 2026 11:25:41.823   6439.158853674756          -319.1168998268078         2708.797590150665          -2.945726782449322         -0.9675924309584251        6.886211529431062          
26 Jun 2026 11:27:49.159   6004.482076625268          -438.9279668338878         3557.268215688922          -3.870621036580528         -0.9112507367907152        6.419215455366448          
26 Jun 2026 11:29:56.553   5456.273797644996          -550.5081379663633         4338.794652886211          -4.722208057036034         -0.8377332517789849        5.830923161810492          
26 Jun 2026 11:32:04.016   4804.755325002172          -651.7554260701472         5038.608500072138          -5.484427327151152         -0.7484284916169178        5.132476729956542          
26 Jun 2026 11:34:11.556   4062.106908023761          -740.7545577525344         5643.42791540192           -6.142906756617853         -0.6450199103878272        4.337080487610844          
26 Jun 2026 11:36:19.173   3242.261586120292          -815.8137423795404         6141.71488422075           -6.685225376821214         -0.5294548039855166        3.459756042214953          
26 Jun 2026 11:38:26.866   2360.659118995554          -875.4987147880545         6523.909907934274          -7.10114371331759          -0.403908336659456         2.517063419091044          
26 Jun 2026 11:40:34.626   1433.961219055459          -918.6627378169896         6782.634567110846          -7.382795415230701         -0.270743096506886         1.526791832217396          
26 Jun 2026 11:42:42.441   479.7455133467043          -944.4710039057587         6912.851616700857          -7.524833395356946         -0.1324667294264965        0.5076392896704911         
26 Jun 2026 11:44:50.296   -483.8439887961896         -952.4198941247133         6911.984617377062          -7.524537082417957         0.008315717551646323       -0.5211438707978712        
26 Jun 2026 11:46:58.172   -1438.440470833706         -942.3487988169104         6779.983377675756          -7.381869514282757         0.1489479947321456         -1.54009745744949          
26 Jun 2026 11:49:06.051   -2365.836248339358         -914.4451026953252         6519.336930296841          -7.099488506971731         0.2867743837019382         -2.529931290556644         
26 Jun 2026 11:51:13.914   -3248.351778393503         -869.2405750810484         6135.02435102588           -6.682701867077793         0.4191901913157592         -3.471892402594179         
26 Jun 2026 11:53:21.746   -4069.184634540147         -807.6004904888839         5634.413556517725          -6.139376168394691         0.5436905041689772         -4.348116616094644         
26 Jun 2026 11:55:29.532   -4812.748366867783         -730.7050174702206         5027.10410196086           -5.479791471865125         0.6579191984047914         -5.141978728002742         
26 Jun 2026 11:57:37.264   -5464.975354982498         -640.0239044619343         4324.723072930085          -4.716447263705759         0.7597146341710946         -5.838415625900264         
26 Jun 2026 11:59:44.937   -6013.581731993561         -537.2853108287131         3540.680371099328          -3.863821450025849         0.8471517128437724         -6.424220142988933         
26 Jun 2026 12:01:52.553   -6448.286386652009         -424.4405503081523         2689.896775571495          -2.938092497137908         0.9185787411666982         -6.888294890364847         
26 Jun 2026 12:04:00.116   -6760.988753427489         -303.6247214003007         1788.504293125772          -1.956821137034597         0.9726493049164665         -7.221867237143514         
26 Jun 2026 12:06:07.637   -6945.897068715346         -177.1161047894948         853.540341531437           -0.9386139744136928        1.008347120676627          -7.418651844969128         
26 Jun 2026 12:08:15.129   -6999.616826789359         -47.2931096745084          -97.37371168902558         0.09724033300363547        1.025004756504757          -7.474966503412116         
26 Jun 2026 12:10:22.608   -6921.195722407826         83.40840212098509          -1046.348736366026         1.13113676691532           1.022314975465795          -7.389793572922489         
26 Jun 2026 12:12:30.091   -6712.13167470909          212.5384721132774          -1975.546829310071         2.14352631401685           1.000335426441638          -7.164791855071138         
26 Jun 2026 12:14:37.594   -6376.341694744458         337.6768098190443          -2867.50090940392          3.115288167556182          0.9594862571168082         -6.804256073292824         
26 Jun 2026 12:16:45.131   -5920.095243786372         456.4749875260163          -3705.420619939927         4.02808202898397           0.9005412090222928         -6.315029232132651         
26 Jun 2026 12:18:52.714   -5351.91096158395          566.6984856517482          -4473.494741460721         4.864688401385584          0.82461248212114           -5.706369448775622         
26 Jun 2026 12:21:00.352   -4682.413609208902         666.2678156337829          -5157.184176940858         5.609328553885116          0.7331293455800555         -4.989771674132862         
26 Jun 2026 12:23:08.047   -3924.154601582374         753.2973253350991          -5743.495456891505         6.24795296613964           0.6278114472315651         -4.178752108368249         
26 Jun 2026 12:25:15.799   -3091.397818984944         826.131393940438           -6221.232665835581         6.768497357615653          0.5106375794221025         -3.288601081487782         
26 Jun 2026 12:27:23.603   -2199.863234668082         883.3780428923645          -6581.227450470354         7.161108772486154          0.3838092415839068         -2.336099608615206         
26 Jun 2026 12:29:31.447   -1266.437982930959         923.9379206419242          -6816.532791055897         7.418330060890105          0.2497105412797955         -1.339211828549754         
26 Jun 2026 12:31:39.319   -308.8585040149148         947.0281219516982          -6922.576826963066         7.535243202761798          0.1108649815373442         -0.316757460508663         
26 Jun 2026 12:33:47.200   654.637796383294           952.200118328351           -6897.271358337209         7.509569989381151          -0.03011133455809635       0.7119389454391416         
26 Jun 2026 12:35:55.072   1605.675296105584          939.3504644056471          -6741.06634047516          7.341724085506174          -0.170558240483006         1.727408064638554          
26 Jun 2026 12:38:02.915   2526.104913080381          908.7241952356677          -6456.950588551824         7.034816595152633          -0.3078205754776968        2.710396471528814          
26 Jun 2026 12:40:10.712   3398.385299480195          860.9098523091635          -6050.390011023303         6.594605577193392          -0.4393006713078071        3.64224843400549           
26 Jun 2026 12:42:18.447   4205.929504766091          796.8267720178694          -5529.211364776977         6.029395746577086          -0.5625073895789469        4.505259110718803          
26 Jun 2026 12:44:26.109   4933.434747305609          717.7049833264929          -4903.43292861289          5.349885702442993          -0.6751047620955546        5.283021345348167          
26 Jun 2026 12:46:33.691   5567.177392966469          625.0584864642839          -4185.048921607611         4.568964735454274          -0.7749577751020091        5.960748249749093          
26 Jun 2026 12:48:41.193   6095.267019511504          520.6529555863245          -3387.775701372311         3.701462499490237          -0.860174229545095         6.525563978108608          
26 Jun 2026 12:50:48.620   6507.853072293996          406.4697186693329          -2526.773722466587         2.763862261876632          -0.9291411939592029        6.966752511292197          
26 Jun 2026 12:52:55.982   6797.288831422291          284.6664400407323          -1618.348072880577         1.773978109071337          -0.980556095912435         7.275964723296893          
26 Jun 2026 12:55:03.294   6958.250091672756          157.5359139406745          -679.6380759112069         0.7506070640954358         -1.013451248458503         7.447375552573826          
26 Jun 2026 12:57:10.573   6987.811326660975          27.46351696177432          271.7001839427485          -0.2868378870891962        -1.027211489267329         7.477789207896622          
26 Jun 2026 12:59:17.841   6885.481547053768          -103.115092936388          1217.806917361364          -1.318697701221836         -1.021584600557121         7.36669097176444           
26 Jun 2026 13:01:25.118   6653.20367331998           -231.7572084175945         2140.936060795876          -2.325444941802963         -0.9966848461379955        7.116247663297644          
26 Jun 2026 13:03:32.424   6295.317046201671          -356.0556737388696         3023.765591285348          -3.288051606375923         -0.9529894137880303        6.73125637170416           
26 Jun 2026 13:05:39.778   5818.486302003741          -473.6806865585089         3849.69965306957           -4.188341373838881         -0.891328442935853         6.219046840229877          
26 Jun 2026 13:07:47.193   5231.591997552528          -582.4217585294074         4603.16911258884           -5.009330071075691         -0.8128684594397565        5.589335996490604          
26 Jun 2026 13:09:54.681   4545.585242762857          -680.2279094082161         5269.916587839612          -5.735537339054666         -0.7190899859219553        4.854041498478159          
26 Jun 2026 13:12:02.246   3773.3054109225            -765.2461499639289         5837.266246831706          -6.353269852198048         -0.6117598249842813        4.027058024048682          
26 Jun 2026 13:14:09.890   2929.259107490492          -835.8576879011447         6294.374085013292          -6.850873239462541         -0.4928983006436899        3.123998702125396          
26 Jun 2026 13:16:17.606   2029.360998469858          -890.7108199956691         6632.451128633606          -7.218947830119448         -0.3647419422602379        2.161905665355064          
26 Jun 2026 13:18:25.387   1090.642464603018          -928.7493173034852         6844.951250407125          -7.450523567431517         -0.2297026761000738        1.158937910999376          
26 Jun 2026 13:20:33.217   130.9282446504254          -949.2357168586495         6927.719317635901          -7.541194211808002         -0.09032353867634969       0.1340366126496676         
26 Jun 2026 13:22:41.080   -831.5111037120226         -951.7683580004724         6879.091727133             -7.48920660118377          0.05076824512770623        -0.8934256487929962        
26 Jun 2026 13:24:48.959   -1778.328076007927         -936.2912508589422         6699.942857062656          -7.295501244730293         0.19091091795753           -1.904012206809576         
26 Jun 2026 13:26:56.833   -2691.464015341399         -903.0961633813225         6393.674653977185          -6.963702809951112         0.3274576518937904         -2.878584705072522         
26 Jun 2026 13:29:04.685   -3553.516575075876         -852.8169042040133         5966.148858354902          -6.500059536269734         0.4578271816374354         -3.798670493152548         
26 Jun 2026 13:31:12.501   -4348.087898880018         -786.4159208578549         5425.564205308179          -5.91333168176207          0.5795531301069069         -4.646816912540605         
26 Jun 2026 13:33:20.268   -5060.109056240085         -705.1636308315282         4782.28196923933           -5.21462869328295          0.6903317751509008         -5.406930585812699         
26 Jun 2026 13:35:27.979   -5676.131608738699         -610.6110170441607         4048.60438748527           -4.417195235511288         0.7880670645037755         -6.064592941352826         
26 Jun 2026 13:37:35.632   -6184.572576487331         -504.5576288483581         3238.522586553852          -3.536159437655354         0.8709106071272142         -6.607336236031321         
26 Jun 2026 13:39:43.229   -6575.921815275976         -389.0146629978781         2367.431035852283          -2.588236367207073         0.9372976442310886         -7.024886821442862         
26 Jun 2026 13:41:50.777   -6842.8998802704           -266.1656947168167         1451.828175798662          -1.59140589735419          0.985976525550712          -7.309358841088869         
26 Jun 2026 13:43:58.288   -6980.573891833707         -138.3249593334803         509.002014547427           -0.564563363971386         1.016032195414931          -7.455401859207849         
26 Jun 2026 13:46:05.776   -6986.429794625309         -7.89468810749135          -443.2881633691791         0.4728433145644647         1.026902756892972          -7.460296538117519         
26 Jun 2026 13:48:13.257   -6860.404666509986         122.6782183062182          -1387.13211266367          1.501184971926293          1.018389171676633          -7.323999131510877         
26 Jun 2026 13:50:20.746   -6604.879406913317         250.9461227432967          -2304.790528739431         2.501026515246927          0.9906578722524974         -7.049133489900779         
26 Jun 2026 13:52:28.259   -6224.634805755852         374.5033638317425          -3179.005369402958         3.45348761607698           0.944236545195957          -6.640933846763724         
26 Jun 2026 13:54:35.811   -5726.770677838364         491.0291568506857          -3993.308816445156         4.340596017555052          0.8800033306026959         -6.107139708110528         
26 Jun 2026 13:56:43.412   -5120.583525879145         598.3300448708593          -4732.325852538293         5.145625060223108          0.7991691001280855         -5.457841038387804         
26 Jun 2026 13:58:51.070   -4417.418296069157         694.3786487657516          -5382.047822927996         5.853389258795451          0.7032553674754765         -4.705294363548546         
26 Jun 2026 14:00:58.785   -3630.472501886024         777.3530069249348          -5930.106692811322         6.450530440089465          0.5940655457722357         -3.863690768667631         
26 Jun 2026 14:03:06.557   -2774.564926279374         845.6722411392124          -6366.01973845034          6.925763313327628          0.473651573622812          -2.948892844995099         
26 Jun 2026 14:05:14.377   -1865.872245273283         898.0283910716972          -6681.403738084574         7.270082783083284          0.3442768269408154         -1.97814712994623          
26 Jun 2026 14:07:22.234   -921.6275775863346         933.4142942980401          -6870.157291848605         7.476935874603583          0.208374671478875          -0.9697671056675335        
26 Jun 2026 14:09:30.112   40.20970104888327          951.1458266199058          -6928.599614520177         7.542350305212294          0.0685038916829184         0.05720364388094672        
26 Jun 2026 14:11:37.992   1001.305340812434          950.8777093326098          -6855.560526547856         7.465018240796355          -0.07269823509015075       1.083342391417938          
26 Jun 2026 14:13:45.857   1943.323967856187          932.6120554172619          -6652.415473119652         7.246331572442819          -0.2125659734231862        2.089217562836851          
26 Jun 2026 14:15:53.686   2848.297265872911          896.6989009064649          -6323.062103275215         6.890366022936953          -0.3484549108823287        3.055753545290408          
26 Jun 2026 14:18:01.462   3698.985741600801          843.8291257265985          -5873.841412353992         6.403816247074251          -0.4777920522021067        3.964594226731558          
26 Jun 2026 14:20:09.171   4479.231759800041          775.0190792280856          -5313.398617538555         5.795873452722589          -0.598126576293678         4.798467079446499          
26 Jun 2026 14:22:16.804   5174.272176811004          691.5884922693             -4652.497688803448         5.07805580785386           -0.7071768925986319        5.541516536969556          
26 Jun 2026 14:24:24.357   5771.021790690355          595.1316250366937          -3903.788373555059         4.263984910779737          -0.8028757691838542        6.17961898850186           
26 Jun 2026 14:26:31.830   6258.306316904027          487.4843100956572          -3081.546772365623         3.369126057944332          -0.8834099829840878        6.700654673294751          
26 Jun 2026 14:28:39.230   6627.057503290989          370.6863416117552          -2201.384583310008         2.410483193621208          -0.9472559100983063        7.09474607782268           
26 Jun 2026 14:30:46.572   6870.460740070346          246.9403791415639          -1279.936334172859         1.406256787295794          -0.9932088740146721        7.354447464218745          
26 Jun 2026 14:32:53.868   6984.049263470562          118.5753251955959          -334.5832052900585         0.3755289116585976         -1.020404001797819         7.474873966018218          
26 Jun 2026 14:35:01.139   6965.780049766535          -12.00294931540661         616.9141300382083          -0.6621610610885063        -1.028334492975863         7.453803080613063          
26 Jun 2026 14:37:08.406   6816.04670697438           -142.3503229298035         1556.700849604992          -1.68715777469813          -1.01685833364826          7.29169765831784           
26 Jun 2026 14:39:15.689   6537.666386019252          -270.0287374337319         2467.152145349658          -2.68007475944853          -0.9861999841635944        6.991688573250486          
26 Jun 2026 14:41:23.007   6135.831168766208          -392.6477636653886         3331.17456803702           -3.622150713230402         -0.9369449844684348        6.559507587230601          
26 Jun 2026 14:43:30.379   5618.022092749286          -507.9073822526781         4132.513307918226          -4.495604288704873         -0.8700278151393227        6.003370852809208          
26 Jun 2026 14:45:37.817   4993.887784065979          -613.6390512451468         4856.044171906089          -5.283961278584675         -0.7867135599926379        5.333819054605759          
26 Jun 2026 14:47:45.330   4275.084224212769          -707.8458405708825         5488.055656638308          -5.972358863292858         -0.6885735431484216        4.563515088833792          
26 Jun 2026 14:49:52.922   3475.080181610373          -788.7400667439551         6016.510002279901          -6.547815455535357         -0.5774561352112251        3.707008864932972          
26 Jun 2026 14:52:00.591   2608.923410579648          -854.7786745181944         6431.28461066986           -6.999470060337927         -0.4554526176700094        2.780468079736145          
26 Jun 2026 14:54:08.331   1692.967796761184          -904.6951168619413         6724.384677595843          -7.318784998745322         -0.3248584679207444        1.801378052556977          
26 Jun 2026 14:56:16.131   744.570473098857           -937.5262753485478         6890.117042987904          -7.499705775682108         -0.1881314856626226        0.7882214746137831         
26 Jun 2026 14:58:23.975   -218.2432096195653         -952.633982060663          6925.221835707071          -7.538779158309117         -0.0478463612516298        -0.2398649027794829        
26 Jun 2026 15:00:31.847   -1177.130383005288         -949.7198526864097         6828.953728204346          -7.435224691644624         0.09335231346835283        -1.263441582794645         
26 Jun 2026 15:02:39.726   -2113.802029436151         -928.8330472029319         6603.109575405788          -7.190958934573769         0.2327998937126997         -2.263134982010532         
26 Jun 2026 15:04:47.594   -3010.396322941024         -890.3698619201809         6251.995877967291          -6.810566186428282         0.3678624028936223         -3.220008276160103         
26 Jun 2026 15:06:55.435   -3849.833282277407         -835.065740416775          5782.34199067312           -6.301220947852905         0.4959857306888308         -4.115917170145678         
26 Jun 2026 15:09:03.233   -4616.162266061741         -763.9792720943634         5203.155061194778          -5.672554714089188         0.6147456257812057         -4.933866780426647         
26 Jun 2026 15:11:10.979   -5294.869482363969         -678.4697006267642         4525.530446671887          -4.936477604567915         0.7218939042753054         -5.658336865796235         
26 Jun 2026 15:13:18.667   -5873.156311678925         -580.1678504480406         3762.416167000619          -4.106948356792277         0.8154025672243261         -6.275587182246207         
26 Jun 2026 15:15:26.297   -6340.171668842943         -470.9422071269644         2928.345467702761          -3.199703429701502         0.8935030199745456         -6.773923271749329         
26 Jun 2026 15:17:33.873   -6687.197489580384         -352.861920981377          2039.150561067721          -2.231956119818391         0.9547196652827595         -7.143918267769006         
26 Jun 2026 15:19:41.404   -6907.794762266816         -228.155910281339          1111.651016752887          -1.222057039165029         0.9978984328437764         -7.378594220331077         
26 Jun 2026 15:21:48.902   -6997.900799021005         -99.17131014702193         163.3412801706002          -0.1891430025368456        1.022227950527511          -7.473548444246703         
26 Jun 2026 15:23:56.383   -6955.887302693446         31.66953252287621          -787.9292415302115         0.847230577267401          1.027254253373603          -7.427031174590043         
26 Jun 2026 15:26:03.862   -6782.578165354757         161.9127641252852          -1724.277925449168         1.867464126544781          1.012888392380795          -7.239970752313943         
26 Jun 2026 15:28:11.356   -6481.228864620362         289.1163822256288          -2628.105018590632         2.852282753592493          0.9794069344804113         -6.915947358209083         
26 Jun 2026 15:30:18.881   -6057.46929934249          410.8933837071912          -3482.405222474943         3.783096514147184          0.9274456878404562         -6.461118017930808         
26 Jun 2026 15:32:26.448   -5519.20941053526          524.9544045934753          -4271.072555449292         4.642346113971291          0.857986809834016          -5.88409449843661          
26 Jun 2026 15:34:34.068   -4876.5079376781           629.149170119475           -4979.193552873919         5.413826304795331          0.7723397501960764         -5.195777967450842         
26 Jun 2026 15:36:41.745   -4141.405019369625         721.5062642869781          -5593.325273789274         6.082982310292598          0.6721166597842722         -4.409155300671897         
26 Jun 2026 15:38:49.480   -3327.713867177018         800.2711852202003          -6101.757454765264         6.637179421815207          0.5592021527773942         -3.539056081670934         
26 Jun 2026 15:40:57.269   -2450.777516591866         863.940960733158           -6494.746660711367         7.065934969345297          0.435718686210315          -2.601880279260131         
26 Jun 2026 15:43:05.102   -1527.192422102963         911.294912957877           -6764.719514696602         7.361113200217521          0.3039881602828773         -1.61530086689996          
26 Jun 2026 15:45:12.966   -574.4926820558931         941.4210905058547          -6906.440906451548         7.517083081125625          0.1664889464861404         -0.5979355292631798        
26 Jun 2026 15:47:20.845   389.1857802645052          953.7363930560983          -6917.134262236226         7.53082949418318           0.02581091734637024        0.4309929577181228         
26 Jun 2026 15:49:28.720   1345.465881568404          948.0002995594243          -6796.552758035694         7.402020477199957          -0.1153925990838155        1.452015682899289          
26 Jun 2026 15:51:36.571   2276.10192076561           924.3209733624477          -6546.993522042754         7.133024262994424          -0.2544547242373186        2.445786357845332          
26 Jun 2026 15:53:44.381   3163.348256443713          883.1534478286528          -6173.253921087956         6.728875527289176          -0.388745221551591         3.393448151850462          
26 Jun 2026 15:55:52.132   3990.318900209138          825.2899143367453          -5682.530515565711         6.197189676744955          -0.5157209310195808        4.27699796138219           
26 Jun 2026 15:57:59.812   4741.326684961021          751.8421584323099          -5084.261977067329         5.548022759251346          -0.6329753674796893        5.079639826590776          
26 Jun 2026 16:00:07.413   5402.184920845545          664.2174915998559          -4389.927271964957         4.793684091499476          -0.7382851892629984        5.786111154073456          
26 Jun 2026 16:02:14.934   5960.47657644975           564.0881298640835          -3612.798414445343         3.948495307982081          -0.8296543041641858        6.382986706351986          
26 Jun 2026 16:04:22.376   6405.770664771187          453.357039119542           -2767.671600515645         3.028516828956744          -0.9053520374820978        6.858935933055948          
26 Jun 2026 16:06:29.750   6729.801265604491          334.1191542829115          -1870.567553409024         2.051228530786031          -0.9639471587805438        7.204945675104305          
26 Jun 2026 16:08:37.070   6926.595380412609          208.6213891747325          -938.4272402413551         1.035191987324021          -1.004334693895442         7.414488130694552          
26 Jun 2026 16:10:44.351   6992.561172211501          79.22068553907664          11.20342339963353          -0.0003114259697664934     -1.025756548140617         7.483641187885687          
26 Jun 2026 16:12:51.616   6926.534807462515          -51.65893043869277         960.4926199236828          -1.035655452798261         -1.027814961348885         7.41115498898119           
26 Jun 2026 16:14:58.884   6729.78937134836           -181.5685073115164         1891.632722475259          -2.05123848012137          -1.010478734806149         7.198465923114061          
26 Jun 2026 16:17:06.176   6406.00852637215           -308.0773708672843         2787.15497171375           -3.027857340616189         -0.97408264992091          6.849660351994753          
26 Jun 2026 16:19:13.512   5961.223561243902          -428.8157423952877         3630.236731940693          -3.947067516995671         -0.9193198709212939        6.371388080639055          
26 Jun 2026 16:21:20.906   5403.714385623702          -541.5167325919242         4405.001063147997          -4.791525681691446         -0.8472277910210901        5.772729266695749          
26 Jun 2026 16:23:28.371   4743.876473121118          -644.0569658794321         5096.803320728737          -5.545306546361182         -0.7591681043118726        5.065021133302148          
26 Jun 2026 16:25:35.913   3994.046830939112          -734.4965297722473         5692.509230428815          -6.194198381446043         -0.6568007852680615        4.261641743266749          
26 Jun 2026 16:27:43.534   3168.294784463298          -811.116143011902          6180.749522337299          -6.72596225707082          -0.5420532742735132        3.377761551067489          
26 Jun 2026 16:29:51.232   2282.171988597835          -872.4517315055824         6552.151975398441          -7.130558844423691         -0.4170845999925145        2.430060414690888          
26 Jun 2026 16:31:58.997   1352.432217360033          -917.324576603554          6799.538329394958          -7.400333221010671         -0.2842461907984923        1.436423692028256          
26 Jun 2026 16:34:06.817   396.7159046726773          -944.8669857894483         6918.08521582048           -7.530161488216851         -0.1460387594859933        0.4156126405258773         
26 Jun 2026 16:36:14.677   -566.8052520611838         -954.5420072695374         6905.437860328504          -7.517551634794567         -0.005064305296385227      -0.6130971303601006        
26 Jun 2026 16:38:22.556   -1519.745421439913         -946.1558300612885         6761.773367356348          -7.362698919831351         0.1360157655909553         -1.630228699674657         
26 Jun 2026 16:40:30.435   -2443.932149008551         -919.8638666868062         6489.808004741475          -7.068492198523643         0.2745387869322111         -2.616531451478624         
26 Jun 2026 16:42:38.297   -3321.744740095387         -876.1673622135257         6094.742695028477          -6.640464974647529         0.4078868654596792         -3.553315266791725         
26 Jun 2026 16:44:46.124   -4136.473233625784         -815.9030206819168         5584.155451975676          -6.086698946887013         0.533537413435937          -4.422813202409932         
26 Jun 2026 16:46:53.903   -4872.653017585995         -740.2248371579528         4967.838766097614          -5.417674121670794         0.6491121804265488         -5.20852822029619          
26 Jun 2026 16:49:01.627   -5516.363380432814         -650.5793103591727         4257.591590757353          -4.646071075052895         0.7524232443561969         -5.895553154294425         
26 Jun 2026 16:51:09.291   -6055.48952550272          -548.6745299226399         3466.969639942367          -3.786524280017547         0.8415158329535946         -6.470862868114208         
26 Jun 2026 16:53:16.897   -6479.935433009034         -436.4454900319681         2611.012319406649          -2.85534206515658          0.9147055837417233         -6.923562523365519         
26 Jun 2026 16:55:24.452   -6781.796792013698         -316.0153538422091         1705.943530432906          -1.870187459435119         0.9706110877070108         -7.245097678902661         
26 Jun 2026 16:57:31.966   -6955.486764966003         -189.654700693245          768.8618464520048          -0.8497360510392489        1.008179802897648          -7.429413717247025         
26 Jun 2026 16:59:39.452   -6997.819280067606         -59.73931747409429         -182.5762209507988         0.1866837542447073         1.026707332726636          -7.473065092106604         
26 Jun 2026 17:01:46.928   -6908.052184816622         71.29263832418336          -1130.474013865699         1.219458687518285          1.025849816724683          -7.375273424723119         
26 Jun 2026 17:03:54.409   -6687.892048693879         200.984317609109           -2057.015280431623         2.229064582307976          1.005629405277449          -7.137934455144094         
26 Jun 2026 17:06:01.911   -6341.460392551519         326.9037543240132          -2944.780552223769         3.19643443771719           0.9664326258544164         -6.765573492688044         
26 Jun 2026 17:08:09.449   -5875.224260070481         446.6866023371945          -3777.054242252818         4.103311062580308          0.9090021676269563         -6.265254038262221         
26 Jun 2026 17:10:17.033   -5297.889746442139         558.0786078773679          -4538.126506088536         4.932585729999301          0.8344222965519834         -5.64644096408008          
26 Jun 2026 17:12:24.672   -4620.254373614829         658.9773775972712          -5213.586264603203         5.668617296031371          0.744097749998149          -4.920817593474138         
26 Jun 2026 17:14:32.368   -3855.027806399646         747.4711656582081          -5790.589594237711         6.297514490955237          0.6397278527330792         -4.102070904779707         
26 Jun 2026 17:16:40.121   -3016.609102582181         821.8763640539191          -6258.114675351187         6.807395035752108          0.523274814307729          -3.205636008522141         
26 Jun 2026 17:18:47.924   -2120.828441374446         880.7712393708379          -6607.18603432142          7.188605608869727          0.3969275977189261         -2.248411454652331         
26 Jun 2026 17:20:55.767   -1184.6592427573           923.0252336965591          -6831.063580697152         7.433901632481743          0.2630624561403785         -1.248453473395401         
26 Jun 2026 17:23:03.635   -225.8918161219522         947.8237048791241          -6925.394675230925         7.538589383846288          0.1241988965338736         -0.2246398734765628        
26 Jun 2026 17:25:11.511   737.2105479893403          954.6860924136025          -6888.316365078487         7.500620701723332          -0.01704621343280993       0.803675646947916          
26 Jun 2026 17:27:19.377   1686.278221253879          943.47735952382            -6720.506182861222         7.320641989017692          -0.1580075912107168        1.817027607807863          
26 Jun 2026 17:29:27.213   2603.201437542119          914.4118385873682          -6425.17720006417          7.001994632127779          -0.2960208218949761        2.79620109873876           
26 Jun 2026 17:31:35.000   3470.506564483212          868.0489041158622          -6008.012157831187         6.550661008160938          -0.4284743005862614        3.722608724958766          
26 Jun 2026 17:33:42.725   4271.703681691812          805.2808255920123          -5477.042755832257         5.975160133731381          -0.5528587758988216        4.578645461437116          
26 Jun 2026 17:35:50.375   4991.616377754808          727.3129053294437          -4842.473893603425         5.286388413656304          -0.6668166145389813        5.348036381017578          
26 Jun 2026 17:37:57.945   5616.670103485974          635.6374140783327          -4116.466085474926         4.497414356123698          -0.7681873935336703        6.016153170588786          
26 Jun 2026 17:40:05.434   6135.144222731366          532.0015746882527          -3312.877455383941         3.623223300117048          -0.8550504661571399        6.570303691432468          
26 Jun 2026 17:42:12.849   6537.374319331936          418.3718983585617          -2446.983411353778         2.680427363552258          -0.9257618868177895        6.99997678414626           
26 Jun 2026 17:44:20.200   6815.9116885442            296.8952766327175          -1535.176374916639         1.686940652236108          -0.9789860415720494        7.297044777649223          
26 Jun 2026 17:46:27.502   6965.638797760512          169.8573397690524          -594.6494712865427         0.6616237187982394         -1.013721013247864         7.455916908999331          
26 Jun 2026 17:48:34.774   6983.838838329279          39.64135495129773          356.9116938248802          -0.3760744082740503        -1.029316370076518         7.473636650746859          
26 Jun 2026 17:50:42.036   6870.230388818881          -91.31466448074961         1301.647105091483          -1.406492336917539         -1.025484685345996         7.349931033065522          
26 Jun 2026 17:52:49.311   6626.963238075513          -220.5610672718722         2221.8383631406            -2.410132740541322         -1.002305733198884         7.087205909103984          
26 Jun 2026 17:54:56.617   6258.578501146094          -345.6790896285399         3100.217054863575          -3.368027891495519         -0.9602237023022689        6.690490743512385          
26 Jun 2026 17:57:03.973   5771.933614264388          -464.3232944682696         3920.269092746492          -4.262093745512177         -0.9000377828904396        6.167335644798504          
26 Jun 2026 17:59:11.393   5176.091000041679          -574.2634366501505         4666.531306343082          -5.075465229811965         -0.8228863337995423        5.527662930109397          
26 Jun 2026 18:01:18.887   4482.169150757161          -673.4252909565098         5324.876753773748          -5.79280721830853          -0.7302249746230259        4.783576372753484          
26 Jun 2026 18:03:26.461   3703.157056508345          -759.9296109612494         5882.782746764859          -6.40059480104524          -0.6237992903518348        3.949133872855833          
26 Jun 2026 18:05:34.114   2853.691793561668          -832.1287231771911         6329.577943554458          -6.887360806483014         -0.5056126718941877        3.040087678665855          
26 Jun 2026 18:07:41.840   1949.795788444882          -888.640200128623          6656.664118207344          -7.243909236696019         -0.3778892055803004        2.073591736449928          
26 Jun 2026 18:09:49.630   1008.581950754925          -928.3759392456029         6857.70117110674           -7.463486656507909         -0.2430329458160024        1.06788671296068           
26 Jun 2026 18:11:57.468   47.92780093403346          -950.5660628089663         6928.75122533121           -7.54191190937177          -0.1035837245765218        0.04196378594744057        
26 Jun 2026 18:14:05.339   -913.8694911130299         -954.77656909966           6868.375131298246          -7.477661402489672         0.03782906882821794        -0.9847821044713769        
26 Jun 2026 18:16:13.221   -1858.468059745633         -940.9200824739017         6677.675583271644          -7.271907039087301         0.1785368689807229         -1.992924902570278         
26 Jun 2026 18:18:21.097   -2767.849444855308         -909.2583622006691         6360.2805431163            -6.928501456505349         0.3158818090760251         -2.963371466779184         
26 Jun 2026 18:20:28.948   -3624.682083549892         -860.3970983074321         5922.27060210473           -6.453913898904327         0.4472670621877958         -3.87772447751624          
26 Jun 2026 18:22:36.758   -4412.670404576701         -795.2728872711828         5372.050405691744          -5.857114129998003         0.5702068459081274         -4.718638152944583         
26 Jun 2026 18:24:44.517   -5116.87835675914          -715.1326336952693         4720.166978000925          -5.149403125553311         0.6823748638232712         -5.470157685699915         
26 Jun 2026 18:26:52.218   -5724.0127187792           -621.5068235961945         3979.086878281898          -4.344198399119252         0.7816490506180414         -6.118027505933888         
26 Jun 2026 18:28:59.860   -6222.667575613454         -516.1773712402853         3162.937181942938          -3.45677453351324          0.8661526330049996         -6.64996839978932          
26 Jun 2026 18:31:07.444   -6603.523252228202         -401.1415855265392         2287.222223789248          -2.503968175623281         0.9342899763995283         -7.055913040337806         
26 Jun 2026 18:33:14.981   -6859.50225493981          -278.5726967252305         1368.519112480469          -1.503848834411724         0.9847769910130816         -7.328198233437873         
26 Jun 2026 18:35:22.482   -6985.879076640608         -150.7788021236788         424.165930577699           -0.4753707099259384        1.01666481925478           -7.461705840874473         
26 Jun 2026 18:37:29.961   -6980.349222849953         -20.16055654151308         -528.0554464324057         0.5619903647332793         1.029356989005271          -7.453953988200358         
26 Jun 2026 18:39:37.434   -6843.058460552565         110.8323739408148          -1470.241795911876         1.588611366354892          1.022619748797768          -7.305136730696954         
26 Jun 2026 18:41:44.919   -6576.593666281229         239.7443099805852          -2384.683287240087         2.585089628736878          0.9965853751747332         -7.018112387427708         
26 Jun 2026 18:43:52.430   -6185.93561084818          364.1574699065368          -3254.181123608831         3.5326108250196            0.9517486486975174         -6.598341306652499         
26 Jun 2026 18:45:59.982   -5678.374233525105         481.7348398600077          -4062.353815679827         4.413298171018385          0.8889565858652041         -6.053775662017154         
26 Jun 2026 18:48:07.583   -5063.393496641091         590.2611960450575          -4793.926833604454         5.210534529371215          0.809392770974646          -5.394712059889907         
26 Jun 2026 18:50:15.241   -4352.504504502441         687.685875398476           -5435.029750202355         5.909282515886511          0.7145540081763686         -4.633588024927576         
26 Jun 2026 18:52:22.956   -3559.054333378896         772.1603898055401          -5973.453160817079         6.496351026745751          0.6062231740958588         -3.78475591284681          
26 Jun 2026 18:54:30.726   -2697.991375839817         842.074978525751           -6398.89337140917          6.960640672255431          0.4864363691595004         -2.864217336226908         
26 Jun 2026 18:56:38.544   -1785.595306757108         896.091380013668           -6703.165818475676         7.293350701316054          0.3574456848756229         -1.889329517321615         
26 Jun 2026 18:58:46.397   -839.1743502976219         933.1710821181479          -6880.382089930416         7.488146067574826          0.2216781282933434         -0.8784876813506343        
26 Jun 2026 19:00:54.269   123.2680375025432          952.5981774104415          -6927.084392534986         7.541282469806781          0.08169091851488465        0.1492147701369367         
26 Jun 2026 19:03:02.142   1083.386674674477          953.9956684231773          -6842.33006107091          7.451685366484182          -0.05987568666574795       1.174339553513344          
26 Jun 2026 19:05:09.998   2022.864223863902          937.3345670672354          -6627.721717529053         7.220981032449401          -0.2003479756755457        2.177469779925776          
26 Jun 2026 19:07:17.817   2923.784534334541          902.9349892085104          -6287.37843481554          6.853475588199142          -0.33706968847053          3.139580970998843          
26 Jun 2026 19:09:25.583   3768.990238889214          851.4595097253832          -5827.851735991116         6.356084958491907          -0.4674520197816875        4.042400963587117          
26 Jun 2026 19:11:33.281   4542.430919864426          783.8985445496329          -5257.984057646901         5.738209987548084          -0.5890242863402888        4.86876959080002           
26 Jun 2026 19:13:40.904   5229.478665075994          701.5483475814877          -4588.71622829078          5.011559020029421          -0.6994821857639106        5.602975862202614          
26 Jun 2026 19:15:48.446   5817.201945210998          605.9832096216309          -3832.856429038674         4.189926074872205          -0.7967322673967572        6.231063228913128          
26 Jun 2026 19:17:55.909   6294.60188716787           499.0220749619981          -3004.811811405682         3.288920841165774          -0.8789330189550555        6.741105295344852          
26 Jun 2026 19:20:03.301   6652.799456009441          382.6916656290961          -2120.299199871645         2.325664570780658          -0.9445301972742123        7.123435814934256          
26 Jun 2026 19:22:10.634   6885.177661620979          259.1872668109526          -1196.042948594439         1.318458853087769          -0.9922862505524482        7.370832318548654          
26 Jun 2026 19:24:17.924   6987.4831675323            130.8297903986024          -249.4495099618048         0.2864162910873576         -1.021303922949369         7.478652729347514          
26 Jun 2026 19:26:25.191   6957.879518023837          0.02564248919644996        701.6927968150869          -0.7508915692677799        -1.031041528086504         7.444912049041867          
26 Jun 2026 19:28:32.456   6796.969172669599          -130.7773554127368         1639.539677433928          -1.773820351963258         -1.021322669966958         7.270314205519798          
26 Jun 2026 19:30:39.740   6507.774708044467          -259.1326780753552         2546.502584226319          -2.763024575867643         -0.9923381473729432        6.958227452515427          
26 Jun 2026 19:32:47.063   6095.685089709884          -382.6377033054482         3405.555978973947          -3.699820450954171         -0.9446410595809221        6.514610349436545          
26 Jun 2026 19:34:54.441   5568.369273679306          -498.9754302288268         4200.534583184009          -4.566529297819355         -0.8791356326878427        5.947893377570948          
26 Jun 2026 19:37:01.889   4935.650019581363          -605.9566824425685         4916.429868309772          -5.346808677152308         -0.7970593459825344        5.268812637761128          
26 Jun 2026 19:39:09.413   4209.34471104458           -701.5599763281568         5539.665891239678          -6.025948381862039         -0.6999596843557936        4.490207878364901          
26 Jun 2026 19:41:17.018   3403.065626586223          -783.970317440993          6058.36292693235           -6.591141389951741         -0.5896651979916386        3.626781704917573          
26 Jun 2026 19:43:24.701   2531.984939132745          -851.6150330672295         6462.575660949914          -7.031718127890703         -0.4682520435667654        2.694829872504896          
26 Jun 2026 19:45:32.454   1612.557944855893          -903.196537655129          6744.504557551688          -7.339346777181876         -0.3380054684026566        1.711938494465145          
26 Jun 2026 19:47:40.265   662.2186356298336          -937.7199495840833         6898.666694969033          -7.508189693542918         -0.2013782950606645        0.6966641599828            
26 Jun 2026 19:49:48.118   -300.956949980141          -954.5154554211473         6922.024862533056          -7.535019556946233         -0.06094564428447982       -0.3318091153026523        
26 Jun 2026 19:51:55.994   -1258.621936465541         -953.2538388384472         6814.063120251023          -7.419286439942264         0.08064495534420557        -1.354041618401338         
26 Jun 2026 19:54:03.875   -2192.506113559272         -933.9540941687436         6576.806916624781          -7.163136035048714         0.220720120844273          -2.350680515248313         
26 Jun 2026 19:56:11.742   -3084.799933986929         -896.9838815158685         6214.787038101658          -6.771378734688598         0.3566332851693013         -3.302842472082271         
26 Jun 2026 19:58:19.578   -3918.51166166515          -843.0515631199693         5734.94465320818           -6.251404852666893         0.4858149056035063         -4.192473278490164         
26 Jun 2026 20:00:27.370   -4677.805857004681         -773.1906726925632         5146.48276108078           -5.613048423560259         0.6058218519071805         -5.002696710009663         
26 Jun 2026 20:02:35.108   -5348.309540514477         -688.7376984886303         4460.67182836353           -4.868403604671776         0.7143841846866367         -5.718139860930318         
26 Jun 2026 20:04:42.788   -5917.386167992699         -591.3033586353035         3690.610871252791          -4.031590349087109         0.8094494047242575         -6.325234974302268         
26 Jun 2026 20:06:50.409   -6374.360956649489         -482.739765700922          2850.963181967387          -3.118486012805854         0.8892213034373374         -6.812478258541701         
26 Jun 2026 20:08:57.975   -6710.708549227701         -365.1028623520587         1957.661087798636          -2.146413810493304         0.952194726652554          -7.170654024190454         
26 Jun 2026 20:11:05.497   -6920.191721729865         -240.6125102118604         1027.598369940491          -1.133806989247875         0.9971837917514897         -7.393007856912416         
26 Jun 2026 20:13:12.987   -6998.95664020613          -111.6109879062716         78.31538678661417          -0.0998546615602684        1.023343709374004          -7.475370338861571         
26 Jun 2026 20:15:20.460   -6945.587263940527         19.48019567907652          -872.3239374591382         0.9358694880578584         1.030186067352944          -7.416230278767905         
26 Jun 2026 20:17:27.932   -6761.11873802695          150.2035407130986          -1806.451212448752         1.95377904274064           1.017586958068882          -7.216754650045572         
26 Jun 2026 20:19:35.421   -6449.013363741565         278.1089558219313          -2706.509814353516         2.934644132553505          0.9857882710112238         -6.880757999717821         
26 Jun 2026 20:21:42.942   -6015.099597466411         400.7970239275307          -3555.56605878809          3.859951428047742          0.9353921905186872         -6.414622498204811         
26 Jun 2026 20:23:50.507   -5467.475015766659         515.961555217932           -4337.611113683606         4.712246537377279          0.8673492078989743         -5.827171997148167         
26 Jun 2026 20:25:58.125   -4816.372658125131         621.4313121432621          -5037.852705704318         5.475455274777476          0.7829399782201047         -5.129503139715441         
26 Jun 2026 20:28:05.803   -4073.990170074053         715.2103449127582          -5642.992446773274         6.135178436401211          0.6837514304226729         -4.334777324375254         
26 Jun 2026 20:30:13.539   -3254.281060799142         795.5163351042773          -6141.484322166362         6.67895628438357           0.5716475533645979         -3.457977215956423         
26 Jun 2026 20:32:21.328   -2372.708063269548         860.8161382874719          -6523.768462493497         7.096499147119221          0.4487352889412958         -2.51563146630494          
26 Jun 2026 20:34:29.162   -1445.963482893601         909.8573877283492          -6782.472454020001         7.379879819310254          0.3173264870455841         -1.525515120903363         
26 Jun 2026 20:36:37.025   -491.648141120832          941.6958067935362          -6912.576751139563         7.523688789085136          0.179894770614152          -0.5063171406768507        
26 Jun 2026 20:38:44.901   472.0680441986553          955.715911191481           -6911.529754318815         7.525141095837988          0.03903031889308578        0.5227019156272249         
26 Jun 2026 20:40:52.771   1426.807186518995          951.6451846517283          -6779.312812084258         7.384138643203173          -0.1026082976184478        1.542068953372088          
26 Jun 2026 20:43:00.617   2354.35184327151           929.5608040354417          -6518.449932841246         7.103284150458538          -0.2423437688140814        2.53246323881337           
26 Jun 2026 20:45:08.420   3237.023125469545          889.888123038704           -6133.956139091268         6.687840043120949          -0.3775322874451815        3.475094614804356          
26 Jun 2026 20:47:16.165   4058.029217953041          833.3913934025645          -5633.232135740981         6.145638383917085          -0.5056131523824471        4.352057561679104          
26 Jun 2026 20:49:23.839   4801.801356411347          761.1568778403735          -5025.904544618076         5.486937300800214          -0.6241587400201456        5.146682563990669          
26 Jun 2026 20:51:31.436   5454.294763974555          674.5691297766407          -4323.619746655656         4.724227777738626          -0.7309217169305036        5.843862255403142          
26 Jun 2026 20:53:38.953   6003.251268990188          575.2813030185961          -3539.797972224667         3.871992971655044          -0.8238789324654289        6.430348299465387          
26 Jun 2026 20:55:46.394   6438.417447358568          465.1807764052618          -2689.357694544688         2.946426531768564          -0.9012706816006231        6.895009924547966          
26 Jun 2026 20:57:53.767   6751.717066741242          346.3513107632082          -1788.419381338576         1.965116678271726          -0.9616345308850861        7.229048731540947          
26 Jun 2026 21:00:01.087   6937.378850616479          221.0325735185585          -853.9946522946343         0.9467014073207569         -1.003833118934262         7.426165870406277          
26 Jun 2026 21:02:08.370   6992.019869930255          91.57812890697761          96.33110184895489          -0.08949551026649483       -1.027075153015112         7.482676820912439          
26 Jun 2026 21:04:15.637   6914.688110195794          -39.58648404280698         1044.711104447491          -1.123832262086111         -1.030929304831222         7.397573242900815          
26 Jun 2026 21:06:22.909   6706.867313988718          -170.0077377172719         1973.360535584172          -2.136733415605607         -1.015331254543057         7.172532314075475          
26 Jun 2026 21:08:30.207   6372.445009739766          -297.2461272678286         2864.861393266163          -3.109053664532042         -0.98058333643436          6.811873728055379          
26 Jun 2026 21:10:37.551   5917.647321736391          -418.918642436361          3702.466973564623          -4.022435438589326         -0.9273476880509464        6.322469478988626          
26 Jun 2026 21:12:44.956   5350.936434602438          -532.7412349414889         4470.402083041444          -4.859651904481666         -0.8566326025857151        5.713605307042148          
26 Jun 2026 21:14:52.433   4682.877788605924          -636.5691733546422         5154.14435634238           -5.604916877651646         -0.7697734750422818        4.996806136554744          
26 Jun 2026 21:16:59.990   3925.963574259578          -728.4377480621024         5740.703151019929          -6.244179230607279         -0.668407343802691         4.1856163893133            
26 Jun 2026 21:19:07.626   3094.401551523422          -806.6000559860418         6218.873145518277          -6.765378693783387         -0.5544426822663694        3.295349872840621          
26 Jun 2026 21:21:15.337   2203.864015640491          -869.5622578064252         6579.464927312266          -7.158669240337118         -0.430024284679333         2.342807441637303          
26 Jun 2026 21:23:23.114   1271.20116590261           -916.11484551264           6815.502361244829          -7.416603778647922         -0.2974940420095332        1.345968905870272          
26 Jun 2026 21:25:30.942   314.1183529596282          -945.3590488387708         6922.380298734409          -7.534278256512283         -0.159347483484628         0.3236584193120665         
26 Jun 2026 21:27:38.804   -649.165392154682          -956.7268063808394         6897.973042655777          -7.509429205250502         -0.01818825018269714       -0.704800249481909         
26 Jun 2026 21:29:46.683   -1600.29285874898          -949.9939770687325         6742.689453197383          -7.3424833984914           0.1233222537650568         -1.71995861257241          
26 Jun 2026 21:31:54.560   -2521.122123202779         -925.2855680712069         6459.471963975528          -7.036557900897698         0.262512474059263          -2.702593157846419         
26 Jun 2026 21:34:02.417   -3394.102712676248         -883.0735364127341         6053.738546940785          -6.597409001233874         0.39675276475386           -3.634082129706545         
26 Jun 2026 21:36:10.239   -4202.624930077753         -824.1666149592944         5533.26910397181           -6.033329339616563         0.5235052022527719         -4.496760371434845         
26 Jun 2026 21:38:18.014   -4931.348294221061         -749.6927933650169         4908.040209120491          -5.354994033355701         0.6403723967215119         -5.274261262294708         
26 Jun 2026 21:40:25.733   -5566.496643088884         -661.0752357837897         4190.01530443215           -4.575259320289504         0.7451436074152422         -5.951833600970385         
26 Jun 2026 21:42:33.392   -6096.116157340332         -560.0023199382316         3392.895794698022          -3.708915356885082         0.835837545069815          -6.516628922956737         
26 Jun 2026 21:44:40.995   -6510.289202306794         -448.3931247760557         2531.843577360205          -2.772400861253557         0.910740443315308          -6.957949575916834         
26 Jun 2026 21:46:48.545   -6801.304009700832         -328.3592063603883         1623.181205914806          -1.783483682943005         0.9684388955878251         -7.267454185723547         
26 Jun 2026 21:48:56.053   -6963.778764522477         -202.1637489541826         684.0778653236412          -0.7609150715386224        1.007846567734794          -7.439314789591178         
26 Jun 2026 21:51:03.534   -6994.741013870505         -72.17925017179338         -267.7703973804811         0.2759325031510946         1.028224178849004          -7.470322271682334         
26 Jun 2026 21:53:11.002   -6893.66583136096          59.15538959901716          -1214.460139113695         1.30743497706604           1.029192594490875          -7.359939999836381         
26 Jun 2026 21:55:18.476   -6662.473780508837         189.379177589709           -2138.205589430445         2.314096380875962          1.010738869340638          -7.11030423354015          
26 Jun 2026 21:57:25.971   -6305.4926448996           316.0513691114127          -3021.645122200431         3.276907614530562          0.973215227421893          -6.726174836943631         
26 Jun 2026 21:59:33.504   -5829.383545478353         436.7947454074268          -3848.150361635523         4.177702847029678          0.9173315023399178         -6.214838116724093         
26 Jun 2026 22:01:41.086   -5243.031427571809         549.3378648000628          -4602.123553307793         4.999494160957634          0.8441411363884446         -5.5859648250142           
26 Jun 2026 22:03:48.726   -4557.397956628068         651.5565663375996          -5269.284985222038         5.726784246598826          0.7550210281881664         -4.851425568301548         
26 Jun 2026 22:05:56.425   -3785.340475825118         741.5134489937028          -5836.941541427585         6.345847315181887          0.6516462681732824         -4.025072423636722         
26 Jun 2026 22:08:04.183   -2941.38929086582          817.4958999070598          -6294.239671006891         6.844983784154929          0.5359593238119555         -3.122482983901934         
26 Jun 2026 22:10:11.992   -2041.487436918635         878.0508203124265          -6632.389725690675         7.214738229148076          0.4101345667224916         -2.160674591210357         
26 Jun 2026 22:12:19.841   -1102.696742557797         922.0151021733169          -6844.855182896281         7.448078297911041          0.2765388605685153         -1.157794296396818         
26 Jun 2026 22:14:27.713   -142.8678158716489         948.5411449520701          -6927.501281829774         7.540533568305365          0.1376877603265992         -0.1327813867995798        
26 Jun 2026 22:16:35.591   819.7102154175736          957.1157186386311          -6878.692525250501         7.490287060184039          -0.003800828173752366      0.89498316560846           
26 Jun 2026 22:18:43.456   1766.674401330208          947.5717994917076          -6699.336985333991         7.298219918069734          -0.1452552236765383        1.90603816171827           
26 Jun 2026 22:20:51.289   2679.962651551789          920.0926864892816          -6392.872872282755         6.967905219817356          -0.2840008458521943        2.881214539335784          
26 Jun 2026 22:22:59.074   3542.17803538528           875.2080379596736          -5965.197093119522         6.505549472936961          -0.4174110848582049        3.802001596757479          
26 Jun 2026 22:25:06.795   4336.936426837648          813.7822032004611          -5424.539273845669         5.91988269387878           -0.5429577683976653        4.650904260966636          
26 Jun 2026 22:27:14.443   5049.189816618685          736.9951072786223          -4781.284035000949         5.221995909555373          -0.6582604642523086        5.41178566743699           
26 Jun 2026 22:29:22.014   5665.513259950681          646.3166188200631          -4047.749725509639         4.425130126817469          -0.7611328897893793        6.070182865126172          
26 Jun 2026 22:31:29.506   6174.350030535483          543.4756753465181          -3237.933575450339         3.544422834890425          -0.849625366945652         6.613588576352893          
26 Jun 2026 22:33:36.925   6566.216809768332          430.4242662818157          -2367.223813077912         2.5966087075682            -0.9220632291302171        7.031697920200235          
26 Jun 2026 22:35:44.281   6833.856408940707          309.2998015819997          -1452.10597682714          1.599701697195512          -0.9770783188428951        7.316602369058066          
26 Jun 2026 22:37:51.590   6972.355731747364          182.3813768882812          -509.8286245975618         0.5726201538852118         -1.013636087432324         7.462944776602397          
26 Jun 2026 22:39:58.871   6979.205865300013          52.05126923767961          441.8861323135818          -0.4651503618193756        -1.031052743142341         7.468006000396756          
26 Jun 2026 22:42:06.143   6854.336730432849          -79.25012879124121         1385.177088195858          -1.493950909096715         -1.029008166607796         7.331753810168646          
26 Jun 2026 22:44:13.429   6600.106980034431          -209.0667205300715         2302.353870170097          -2.494319086094206         -1.007550194737131         7.05683136119477           
26 Jun 2026 22:46:20.748   6221.260318826548          -334.9693694386096         3176.204832029086          -3.447354207503552         -0.9670922141297451        6.648497115660863          
26 Jun 2026 22:48:28.118   5724.846942939102          -454.5984153920763         3990.299808994313          -4.335069458494267         -0.9084040389642394        6.114516932420382          
26 Jun 2026 22:50:35.553   5120.111167900027          -565.7053182334599         4729.282531475942          -5.140721746892449         -0.8325966266819056        5.465013384591988          
26 Jun 2026 22:52:43.064   4418.338877382716          -666.1941548543972         5379.157189263339          -5.849122474651788         -0.7411004430836885        4.712270467574116          
26 Jun 2026 22:54:50.653   3632.674226734031          -754.1604100212625         5927.551520594845          -6.446910536664338         -0.6356392806304417        3.870509033182542          
26 Jun 2026 22:56:58.320   2777.886136345264          -827.9292283259488         6363.969850699379          -6.922804763705402         -0.5181975685333896        2.955616545060407          
26 Jun 2026 22:59:06.058   1870.108949930263          -886.088801476285          6680.007326753027          -7.267808584951382         -0.390984718365338         1.984860302337436          
26 Jun 2026 23:01:13.857   926.5391390475578          -927.5205482910658         6869.535205578725          -7.475382537053551         -0.2563942384846689        0.9765657828765825         
26 Jun 2026 23:03:21.701   -34.89563618632629         -951.4234484148704         6928.839804228199          -7.541570454026505         -0.1169596359626713        -0.05022333336680282       
26 Jun 2026 23:05:29.573   -995.8824869570511         -957.3319283694551         6856.712184271963          -7.465080045053475         0.02469142373201592        -1.076092634412846         
26 Jun 2026 23:07:37.456   -1938.1002661978           -945.1269465380349         6654.484044430315          -7.24731546238268          0.1658876258395711         -2.081632849710239         
26 Jun 2026 23:09:45.330   -2843.581313042107         -915.0389491070696         6326.005667898334          -6.892358042872103         0.3039631165609573         -3.047799144399682         
26 Jun 2026 23:11:53.179   -3695.075707325339         -867.6432647763988         5877.567974081183          -6.406896522586637         0.4363083933989529         -3.956277055423926         
26 Jun 2026 23:14:00.988   -4476.396014083968         -803.8477263750144         5317.76981900561           -5.80010542984208          0.5604202815586915         -4.78983510925539          
26 Jun 2026 23:16:08.746   -5172.733628751358         -724.8732436398202         4657.336967244735          -5.083474961752676         0.6739499724881881         -5.532656973913779         
26 Jun 2026 23:18:16.447   -5770.942787268745         -632.2278335142978         3908.896977207687          -4.270592656580672         0.7747486521942425         -6.170649723744023         
26 Jun 2026 23:20:24.087   -6259.784464148354         -527.6749192957998         3086.716928583852          -3.376880076576589         0.8609093981481941         -6.69171898939285          
26 Jun 2026 23:22:31.671   -6630.122766425956         -413.1977609280641         2206.418539908587          -2.419296679325612         0.9308037051212771         -7.086000559225178         
26 Jun 2026 23:24:39.206   -6875.079151633658         -290.9600387364663         1284.670244826829          -1.416008080988128         0.9831129301601467         -7.34605029623114          
26 Jun 2026 23:26:46.702   -6990.139365657276         -163.2643013345241         338.8693651233351          -0.3860324004836217        1.016853059770578          -7.466982434591154         
26 Jun 2026 23:28:54.176   -6973.216425963036         -32.50948479862927         -613.1771884772108         0.6511247934544737         1.031392502071131          -7.446555413381158         
26 Jun 2026 23:31:01.644   -6824.673683088708         98.85254303080578          -1553.57449814685          1.675844720060457          1.026462972970225          -7.285206032030666         
26 Jun 2026 23:33:09.123   -6547.309893797068         228.360139581005           -2464.654432180755         2.668764588771625          1.002163259347061          -6.986032046891738         
26 Jun 2026 23:35:16.630   -6146.30746037343          353.5854354415599          -3329.288803617376         3.611142552877477          0.9589560474030772         -6.554724422910272         
26 Jun 2026 23:37:24.179   -5629.144403584246         472.177163208311           -4131.192836496788         4.485205200929687          0.8976579668199463         -5.999451869383197         
26 Jun 2026 23:39:31.782   -5005.478554593871         581.9014161865206          -4855.210083328707         5.274464717487491          0.8194243945237536         -5.330710433214148         
26 Jun 2026 23:41:39.443   -4286.979799668517         680.6847283705889          -5487.607818254573         5.964035969867365          0.7257266320098276         -4.561116919598982         
26 Jun 2026 23:43:47.165   -3487.139486199153         766.6520580415611          -6016.332284683749         6.540899070100158          0.6183254904131598         -3.705182269112949         
26 Jun 2026 23:45:54.943   -2621.029791364363         838.164530093501           -6431.255812009818         6.994145025837514          0.4992384872729195         -2.779039854315788         
26 Jun 2026 23:48:02.768   -1705.035516005633         893.8525106650611          -6724.386193112864         7.315176411902409          0.3707038314726099         -1.800155434951204         
26 Jun 2026 23:50:10.627   -756.5449391416897         932.6450539725245          -6890.044203950039         7.49787442776918           0.2351395079079553         -0.7870051662829299        
26 Jun 2026 23:52:18.504   206.3909426536407          953.7935685927686          -6924.994658697787         7.538721227657733          0.09509843080729991        0.2412697143740156         
26 Jun 2026 23:54:26.379   1165.41054999648           956.8885025833999          -6828.524728083158         7.436874451574182          -0.0467778905588132        1.265213093564322          
26 Jun 2026 23:56:34.234   2102.218595563743          941.8689962186162          -6602.467499890146         7.194193962274225          -0.1878097590251587        2.265427790542577          
26 Jun 2026 23:58:42.050   2998.952677209703          909.0243683881547          -6251.166881688639         6.815216617103322          -0.3253294137099981        3.222940488438554          
27 Jun 2026 00:00:00.000   3519.000501957079          880.4893272300836          -5978.134185485337         6.520022513107612          -0.4063832558236154        3.778299802520623          
